{
  "Microsoft.DataFactory/factories": {
    "properties": {
      "globalParameters": {
        "*": {
          "value": "="
        }
      }
    },
    "location": "="
  },
  "Microsoft.DataFactory/factories/pipelines": {},
  "Microsoft.DataFactory/factories/integrationRuntimes": {
    "properties": {
      "typeProperties": {
        "ssisProperties": {
          "catalogInfo": {
            "catalogServerEndpoint": "=",
            "catalogAdminUserName": "=",
            "catalogAdminPassword": {
              "value": "-::secureString"
            }
          },
          "customSetupScriptProperties": {
            "sasToken": {
              "value": "-::secureString"
            }
          }
        },
        "linkedInfo": {
          "key": {
            "value": "-::secureString"
          },
          "resourceId": "="
        },
        "computeProperties": {
          "dataFlowProperties": {
            "externalComputeInfo": [
              {
                "accessToken": "-::secureString"
              }
            ]
          }
        }
      }
    }
  },
  "Microsoft.DataFactory/factories/triggers": {
    "properties": {
      "pipelines": [
        {
          "parameters": {
            "*": "="
          }
        },
        "pipelineReference.referenceName"
      ],
      "pipeline": {
        "parameters": {
          "*": "="
        }
      },
      "typeProperties": {
        "scope": "="
      }
    }
  },
  "Microsoft.DataFactory/factories/linkedServices": {
    "*": {
      "properties": {
        "typeProperties": {
          "accountName": "=",
          "username": "=",
          "userName": "=",
          "accessKeyId": "=",
          "servicePrincipalId": "=",
          "userId": "=",
          "host": "=",
          "clientId": "=",
          "clusterUserName": "=",
          "clusterSshUserName": "=",
          "hostSubscriptionId": "=",
          "clusterResourceGroup": "=",
          "subscriptionId": "=",
          "resourceGroupName": "=",
          "tenant": "=",
          "dataLakeStoreUri": "=",
          "baseUrl": "=",
          "database": "=",
          "serviceEndpoint": "=",
          "batchUri": "=",
          "poolName": "=",
          "databaseName": "=",
          "systemNumber": "=",
          "server": "=",
          "url": "=",
          "functionAppUrl": "=",
          "environmentUrl": "=",
          "aadResourceId": "=",
          "sasUri": "|:-sasUri:secureString",
          "sasToken": "|",
          "connectionString": "|:-connectionString:secureString",
          "hostKeyFingerprint": "="
        }
      }
    },
    "Odbc": {
      "properties": {
        "typeProperties": {
          "userName": "=",
          "connectionString": {
            "secretName": "="
          }
        }
      }
    }
  },
  "Microsoft.DataFactory/factories/datasets": {
    "*": {
      "properties": {
        "typeProperties": {
          "folderPath": "=",
          "fileName": "="
        }
      }
    }
  },
  "Microsoft.DataFactory/factories/managedVirtualNetworks/managedPrivateEndpoints": {
    "properties": {
      "*": "="
    }
  }
}