﻿ZX33;IDSITU;Identifiant situation;Identifiant situation;Ident situation;9;X;2;0;3;R
ZX31;PARTUS;Particule;Particule;Particule;5;Y;8;0;1;R
ZX31;NUMBUL;Num▒ro de bulletin;Num▒ro de bulletin;Num▒ro de bulletin;23;X;2;0;3;R
ZX31;MATCLE;Identification;Identification;Identification;16;X;48;0;2;R
ZX31;IDSITU;Identifiant situation;Identifiant situation;Ident situation;19;X;2;0;3;R
ZX4K;MATCLE;Identification;Identification;Identification;21;X;48;0;2;R
ZX4K;IDPOCF;Filler compl▒mentaire;Filler compl▒mentaire;Filler compl▒menta;5;X;9;0;3;R
ZX4K;IDPOCE;Centre de co▒t;Centre de co▒t;Centre de co▒t;3;X;24;0;2;R
ZX4K;IDGPRG;Partition R▒glementaire;Partition R▒glementaire;Partition R▒glem.;19;I;9;0;2;R
ZX4K;AMOUNT;Montant;Montant;Montant;16;9;13;4;1;R
ZX33;MATCLE;Identification;Identification;Identification;6;X;48;0;2;R
ZX31;PERPAI;P▒riode de paie;P▒riode de paie;P▒riode de paie;20;X;8;0;3;R
ZX31;IDGPRG;Partition R▒glementaire;Partition R▒glementaire;Partition R▒glem.;14;I;9;0;2;R
ZX31;CLEDOS;Cl▒ du dossier;Cl▒ du dossier;Cl▒ du dossier;13;X;60;0;1;R
ZX4K;TIMEST;Horodatage du chargement;Horodatage du chargement;Horodatage chrgmt;29;H;19;0;3;R
ZX4K;TAUXXX;Taux;Taux;Taux;31;S;13;4;1;R
ZX4K;IDSUBF;Filler compl▒mentaire;Filler compl▒mentaire;Filler compl▒menta;11;X;10;0;3;R
ZX4K;IDPOCR;Sous-d▒finition cente de co▒t;Sous-d▒finition cente de co▒t;Sous-d▒finition ce;4;X;15;0;3;R
ZX33;PRENOM;Pr▒nom;Pr▒nom;Pr▒nom;1;X;30;0;1;R
ZX33;CLEDOS;Cl▒ du dossier;Cl▒ du dossier;Cl▒ du dossier;3;X;60;0;1;R
ZX31;SOCCLE;R▒glementation;R▒glementation;R▒glementation;15;X;3;0;2;R
ZX31;MATRIC;Matricule de gestion;Matricule de gestion;Matricule gestion;17;X;12;0;3;R
ZX31;LIBQUA;Libell▒ de la qualit▒;Libell▒ de la qualit▒;Libell▒ qualit▒;4;X;45;0;1;R
ZX4K;NUMBUL;Num▒ro de bulletin;Num▒ro de bulletin;Num▒ro de bulletin;28;X;2;0;3;R
ZX4K;IDGLAR;Sous d▒finition compte;Sous d▒finition compte;Sous d▒finition co;7;X;15;0;3;R
ZX4K;CODRUB;COde rubrique;COde rubrique;COde rubrique;12;X;3;0;1;R
ZX33;NUDOSP;Identifiant de dossier de paie;Identifiant de dossier de paie;Identifiant;8;9;3;0;3;R
ZX31;CODLAN;Code langue;Code langue;Code langue;1;X;2;0;1;R
ZX4K;IDSUBA;Sous-compte;Sous-compte;Sous-compte;9;X;25;0;2;R
ZX4K;DEBCRE;D▒bit / cr▒dit;D▒bit / cr▒dit;D▒bit / cr▒dit;14;X;1;0;1;R
ZX4K;CURCY;Devise;Devise;Devise;17;X;3;0;1;R
ZX33;NUMBUL;Num▒ro de bulletin;Num▒ro de bulletin;Num▒ro de bulletin;13;X;2;0;3;R
ZX31;TIMEST;Horodatage du chargement;Horodatage du chargement;Horodatage chrgmt;24;H;19;0;3;R
ZX31;SITFAM;Situation de famille;Situation de famille;Situation famille;9;X;1;0;1;R
ZX31;NUMTRT;Num▒ro de traitement;Num▒ro de traitement;Num▒ro traitement;22;X;1;0;3;R
ZX4K;NUDOSP;Identifiant de dossier de paie;Identifiant de dossier de paie;Identifiant;23;9;3;0;3;R
ZX4K;IDSITU;Identifiant situation;Identifiant situation;Ident situation;24;X;2;0;3;R
ZX4K;GPGL00;Affectation comptable;Affectation comptable;Affectation compta;1;X;89;0;1;R
ZX33;TIMEST;Horodatage du chargement;Horodatage du chargement;Horodatage chrgmt;14;H;19;0;3;R
ZX31;USAGEP;Usage de paie;Usage de paie;Usage de paie;21;X;1;0;3;R
ZX31;REPSIT;R▒pertoire des situations familiales;R▒pertoire des situations familiales;R▒p sit familiales;10;X;3;0;1;R
ZX31;QUALIT;Qualit▒;Qualit▒;Qualit▒;3;X;1;0;1;R
ZX31;N07TRI;Nom pour tri;Nom pour tri;Nom pour tri;7;X;10;0;1;R
ZX31;INITUS;Initiales;Initiales;Initiales;6;Y;10;0;1;R
ZX4K;NUMTRT;Num▒ro de traitement;Num▒ro de traitement;Num▒ro traitement;27;X;1;0;3;R
ZX4K;NBRBAS;Nombre / base;Nombre / base;Nombre / base;30;S;13;4;1;R
ZX4K;IDGLAF;Filler compl▒mentaire;Filler compl▒mentaire;Filler compl▒menta;8;X;10;0;3;R
ZX4K;IDGLAC;Compte;Compte;Compte;6;X;25;0;2;R
ZX33;USAGEP;Usage de paie;Usage de paie;Usage de paie;11;X;1;0;3;R
ZX33;PRENO2;2nd pr▒nom;2nd pr▒nom;2nd pr▒nom;2;Y;30;0;1;R
ZX33;PERPAI;P▒riode de paie;P▒riode de paie;P▒riode de paie;10;X;8;0;3;R
ZX33;NUMTRT;Num▒ro de traitement;Num▒ro de traitement;Num▒ro traitement;12;X;1;0;3;R
ZX33;IDGPRG;Partition R▒glementaire;Partition R▒glementaire;Partition R▒glem.;4;I;9;0;2;R
ZX31;MODSIT;Mod▒le r▒pertoire situat. familiales;Mod▒le r▒pertoire situat. familiales;Mod▒le r▒p sit fam;8;X;3;0;1;R
ZX4K;USAGEP;Usage de paie;Usage de paie;Usage de paie;26;X;1;0;3;R
ZX4K;PERPAI;P▒riode de paie;P▒riode de paie;P▒riode de paie;25;X;8;0;3;R
ZX4K;IDSUBR;Sous-d▒finition sous-compte;Sous-d▒finition sous-compte;Sous-d▒finition so;10;X;15;0;3;R
ZX4K;IDGLCY;Soci▒t▒ comptable;Soci▒t▒ comptable;Soci▒t▒ comptable;2;X;15;0;2;R
ZX4K;CDSIGN;Signe;Signe;Signe;15;X;1;0;1;R
ZX33;SOCCLE;R▒glementation;R▒glementation;R▒glementation;5;X;3;0;2;R
ZX33;MATRIC;Matricule de gestion;Matricule de gestion;Matricule gestion;7;X;12;0;3;R
ZX31;ZONEUT;Zone libre;Zone libre;Zone libre;12;X;10;0;1;R
ZX31;NUDOSP;Identifiant de dossier de paie;Identifiant de dossier de paie;Identifiant;18;9;3;0;3;R
ZX31;NOMUSE;Nom 2;Nom 2;Nom 2;2;X;40;0;1;R
ZX31;LIBSIT;Libell▒ des situations familiales;Libell▒ des situations familiales;Libell▒ sit fam.;11;X;45;0;1;R
ZX4K;SOCCLE;R▒glementation;R▒glementation;R▒glementation;20;X;3;0;2;R
ZX4K;MATRIC;Matricule de gestion;Matricule de gestion;Matricule gestion;22;X;12;0;3;R
ZX4K;IDCONT;Identifiant du contrat;Id. du contrat;Id. du contrat;13;X;3;0;1;R
ZX4K;CLEDOS;Cl▒ du dossier;Cl▒ du dossier;Cl▒ du dossier;18;X;60;0;1;R
