{
	"name": "lkservdtbrckswe1",
	"type": "Microsoft.DataFactory/factories/linkedservices",
	"properties": {
		"parameters": {
			"dtbrcks_cluster": {
				"type": "string",
				"defaultValue": "0914-222419-bassi548"
			},
			"dtbrcks_wksp_url": {
				"type": "string",
				"defaultValue": "https://adb-454209861935670.10.azuredatabricks.net/"
			}
		},
		"annotations": [],
		"type": "AzureDatabricks",
		"typeProperties": {
			"domain": "@linkedService().dtbrcks_wksp_url",
			"accessToken": {
				"type": "AzureKeyVaultSecret",
				"store": {
					"referenceName": "lkservazkvwe1",
					"type": "LinkedServiceReference"
				},
				"secretName": "devops-bearertoken"
			},
			"existingClusterId": "@linkedService().dtbrcks_cluster"
		},
		"connectVia": {
			"referenceName": "SHIRadf-dif-we1",
			"type": "IntegrationRuntimeReference"
		}
	}
}