{
	"name": "lkservdbmonitoring",
	"properties": {
		"annotations": [],
		"type": "AzureSqlDatabase",
		"typeProperties": {
			"connectionString": "Integrated Security=False;Encrypt=True;Connection Timeout=30;Data Source=sqlsrv-dif-we1-dev.database.windows.net;Initial Catalog=sqldbdifmonitorwe1dev;User ID=admin-dif",
			"password": {
				"type": "AzureKeyVaultSecret",
				"store": {
					"referenceName": "lkservazkvwe1",
					"type": "LinkedServiceReference"
				},
				"secretName": "mssql-services-password"
			}
		},
		"connectVia": {
			"referenceName": "SHIRadf-dif-we1",
			"type": "IntegrationRuntimeReference"
		}
	}
}