{
  "DebugMode": false,
  "DataProperties": [
    {
      "SheetName": "1- ECART REMUNERATION - Classif",
      "StoredProcedure": [
        "load_index_50_250_1_compensation_coeff"
      ]
    },
    {
      "SheetName": "2- ECART AUGMENTATION",
      "StoredProcedure": [
        "load_index_50_250_2_increase"
      ]
    },
    {
      "SheetName": "3- MATERNITE",
      "StoredProcedure": [
        "load_index_50_250_3_maternity"
      ]
    },
    {
      "SheetName": "4- TOP10 REMUNERATION",
      "StoredProcedure": [
        "load_index_50_250_4_Top10"
      ]
    }
  ]
}