{
  "DebugMode": false,
  "DataProperties": [
    {
      "SheetName": "1- ECART REMUNERATION - Classif",
      "StoredProcedure": [
        "load_index_250_1_compensation_coeff"
      ]
    },
    {
      "SheetName": "2- ECART AUGMENTATION",
      "StoredProcedure": [
        "load_index_250_2_increase_coeff"
      ]
    },
    {
      "SheetName": "3- ECART PROMOTION",
      "StoredProcedure": [
        "load_index_250_3_promotion_coeff"
      ]
    },
    {
      "SheetName": "4- MATERNITE",
      "StoredProcedure": [
        "load_index_250_4_maternity"
      ]
    },
    {
      "SheetName": "5-TOP10 REMUNERATION",
      "StoredProcedure": [
        "load_index_250_5_Top10"
      ]
    }
  ]
}