{
  "body": {
    "Table1": [
      { "Cost_Center": "1725A312" },
      { "Cost_Center": "1725A502" },
      { "Cost_Center": "1725C301" },
      { "Cost_Center": "1725C503" },
      { "Cost_Center": "1725C506" },
      { "Cost_Center": "1725C710" },
      { "Cost_Center": "1725C720" },
      { "Cost_Center": "1725C730" },
      { "Cost_Center": "X235C100" },
      { "Cost_Center": "X235C105" },
      { "Cost_Center": "X235C110" },
      { "Cost_Center": "X235C200" },
      { "Cost_Center": "X235C210" },
      { "Cost_Center": "X235C215" },
      { "Cost_Center": "X235C220" },
      { "Cost_Center": "X235C230" },
      { "Cost_Center": "X235C241" },
      { "Cost_Center": "X235C251" },
      { "Cost_Center": "X235C253" },
      { "Cost_Center": "X235C255" },
      { "Cost_Center": "X235C270" },
      { "Cost_Center": "X235C280" },
      { "Cost_Center": "X235C305" },
      { "Cost_Center": "X235C402" },
      { "Cost_Center": "X235C450" },
      { "Cost_Center": "X235C460" },
      { "Cost_Center": "X235C500" },
      { "Cost_Center": "X235C510" },
      { "Cost_Center": "X235C520" },
      { "Cost_Center": "X235C525" },
      { "Cost_Center": "X235C530" },
      { "Cost_Center": "X235C540" },
      { "Cost_Center": "X235C550" },
      { "Cost_Center": "X235C560" },
      { "Cost_Center": "X235C570" },
      { "Cost_Center": "X235C580" },
      { "Cost_Center": "X235C585" },
      { "Cost_Center": "X235C611" },
      { "Cost_Center": "X235C612" },
      { "Cost_Center": "X235CHI1" },
      { "Cost_Center": "X235CHI2" },
      { "Cost_Center": "X265ACTI" },
      { "Cost_Center": "X265ADMI" },
      { "Cost_Center": "X265ANAS" },
      { "Cost_Center": "X265BRVT" },
      { "Cost_Center": "X265CELL" },
      { "Cost_Center": "X265COPB" },
      { "Cost_Center": "X265CTPD" },
      { "Cost_Center": "X265DIAG" },
      { "Cost_Center": "X265DSCI" },
      { "Cost_Center": "X265ENCA" },
      { "Cost_Center": "X265EVA1" },
      { "Cost_Center": "X265EVA2" },
      { "Cost_Center": "X265EVA3" },
      { "Cost_Center": "X265EVA5" },
      { "Cost_Center": "X265EVA6" },
      { "Cost_Center": "X265EVA7" },
      { "Cost_Center": "X265EVAE" },
      { "Cost_Center": "X265EVAL" },
      { "Cost_Center": "X265MEGA" },
      { "Cost_Center": "X265PAN1" },
      { "Cost_Center": "X265PAN2" },
      { "Cost_Center": "X265PAN3" },
      { "Cost_Center": "X265PAN4" },
      { "Cost_Center": "X265PAN5" },
      { "Cost_Center": "X265PAN7" },
      { "Cost_Center": "X265PAN8" },
      { "Cost_Center": "X265PANB" },
      { "Cost_Center": "X265PANM" },
      { "Cost_Center": "X265PANQ" },
      { "Cost_Center": "X265PANS" },
      { "Cost_Center": "X265PARA" },
      { "Cost_Center": "X265PILA" },
      { "Cost_Center": "X265RDWW" },
      { "Cost_Center": "X265RHRT" },
      { "Cost_Center": "X265TDEV" },
      { "Cost_Center": "X265TECH" },
      { "Cost_Center": "X265VEIN" },
      { "Cost_Center": "X290EXCD" },
      { "Cost_Center": "X290EXPA" },
      { "Cost_Center": "X290SGP1" },
      { "Cost_Center": "X290SGP2" },
      { "Cost_Center": "X290SGP3" },
      { "Cost_Center": "X290SGP4" },
      { "Cost_Center": "X290SGP5" },
      { "Cost_Center": "X2CO1011" },
      { "Cost_Center": "X2CO1012" },
      { "Cost_Center": "X2CO1014" },
      { "Cost_Center": "X2CO1021" },
      { "Cost_Center": "X2CO2000" },
      { "Cost_Center": "X2CO2010" },
      { "Cost_Center": "X2CO2020" },
      { "Cost_Center": "X2CO2050" },
      { "Cost_Center": "X2CO2051" },
      { "Cost_Center": "X2CO2060" },
      { "Cost_Center": "X2CO2061" },
      { "Cost_Center": "X2CO2062" },
      { "Cost_Center": "X2CO2064" },
      { "Cost_Center": "X2CO2065" },
      { "Cost_Center": "X2CO2066" },
      { "Cost_Center": "X2CO4300" },
      { "Cost_Center": "X2CO4600" },
      { "Cost_Center": "X2CO5600" },
      { "Cost_Center": "X2CO5700" },
      { "Cost_Center": "X2CO5800" },
      { "Cost_Center": "X2CO5900" },
      { "Cost_Center": "X2COCTFR" },
      { "Cost_Center": "X2COCTSO" },
      { "Cost_Center": "X2CODAFR" },
      { "Cost_Center": "X2CODASO" },
      { "Cost_Center": "X2CT1011" },
      { "Cost_Center": "X2CT1012" },
      { "Cost_Center": "X2CT1014" },
      { "Cost_Center": "X2CT1016" },
      { "Cost_Center": "X2CT1021" },
      { "Cost_Center": "X2CT2000" },
      { "Cost_Center": "X2CT2010" },
      { "Cost_Center": "X2CT2020" },
      { "Cost_Center": "X2CT2050" },
      { "Cost_Center": "X2CT2051" },
      { "Cost_Center": "X2CT2060" },
      { "Cost_Center": "X2CT2061" },
      { "Cost_Center": "X2CT2062" },
      { "Cost_Center": "X2CT2063" },
      { "Cost_Center": "X2CT2065" },
      { "Cost_Center": "X2CT2066" },
      { "Cost_Center": "X2CT2550" },
      { "Cost_Center": "X2CT4100" },
      { "Cost_Center": "X2CT4400" },
      { "Cost_Center": "X2CT4500" },
      { "Cost_Center": "X2CT4599" },
      { "Cost_Center": "X2CT4700" },
      { "Cost_Center": "X2CT6100" },
      { "Cost_Center": "X2CT6300" },
      { "Cost_Center": "X2CT6400" },
      { "Cost_Center": "X2CTCTCR" },
      { "Cost_Center": "X2CTCTPO" },
      { "Cost_Center": "X2CTDACR" },
      { "Cost_Center": "X2CTDAPO" },
      { "Cost_Center": "X2CTH909" },
      { "Cost_Center": "X2CTMEGA" },
      { "Cost_Center": "X2DI8000" },
      { "Cost_Center": "X2DI8010" },
      { "Cost_Center": "X2DI8020" },
      { "Cost_Center": "X2DI8021" },
      { "Cost_Center": "X2DI8022" },
      { "Cost_Center": "X2DI8040" },
      { "Cost_Center": "X2DI8041" },
      { "Cost_Center": "X2DI8050" },
      { "Cost_Center": "X2DI8080" },
      { "Cost_Center": "X2DI8090" },
      { "Cost_Center": "X2DI8100" },
      { "Cost_Center": "X2DI8120" },
      { "Cost_Center": "X2DI8200" },
      { "Cost_Center": "X2DI8210" },
      { "Cost_Center": "X2DI8240" },
      { "Cost_Center": "X2DI8241" },
      { "Cost_Center": "X2DI8242" },
      { "Cost_Center": "X2DI8243" },
      { "Cost_Center": "X2DIMEGA" },
      { "Cost_Center": "X2DIZEPH" },
      { "Cost_Center": "X2LM1011" },
      { "Cost_Center": "X2LM1012" },
      { "Cost_Center": "X2LM1014" },
      { "Cost_Center": "X2LM2000" },
      { "Cost_Center": "X2LM2010" },
      { "Cost_Center": "X2LM2011" },
      { "Cost_Center": "X2LM2012" },
      { "Cost_Center": "X2LM2020" },
      { "Cost_Center": "X2LM2030" },
      { "Cost_Center": "X2LM2040" },
      { "Cost_Center": "X2LM2055" },
      { "Cost_Center": "X2LM2070" },
      { "Cost_Center": "X2LM2610" },
      { "Cost_Center": "X2LM2620" },
      { "Cost_Center": "X2LM2630" },
      { "Cost_Center": "X2LM2640" },
      { "Cost_Center": "X2LM5000" },
      { "Cost_Center": "X2LM5050" },
      { "Cost_Center": "X2LM8100" },
      { "Cost_Center": "X2PA1011" },
      { "Cost_Center": "X2PA1012" },
      { "Cost_Center": "X2PA1014" },
      { "Cost_Center": "X2PA1021" },
      { "Cost_Center": "X2PA2000" },
      { "Cost_Center": "X2PA2010" },
      { "Cost_Center": "X2PA2020" },
      { "Cost_Center": "X2PA2050" },
      { "Cost_Center": "X2PA2060" },
      { "Cost_Center": "X2PA2061" },
      { "Cost_Center": "X2PA2062" },
      { "Cost_Center": "X2PA4200" },
      { "Cost_Center": "X2PA5200" },
      { "Cost_Center": "X2PAMEGA" },
      { "Cost_Center": "X300D120" },
      { "Cost_Center": "X300G300" },
      { "Cost_Center": "X300G310" },
      { "Cost_Center": "X300G400" },
      { "Cost_Center": "X300G500" },
      { "Cost_Center": "X300G501" },
      { "Cost_Center": "X300G510" },
      { "Cost_Center": "X300G610" },
      { "Cost_Center": "X300G620" },
      { "Cost_Center": "X300G621" },
      { "Cost_Center": "X300G630" },
      { "Cost_Center": "X300G640" },
      { "Cost_Center": "X300G650" },
      { "Cost_Center": "X301CSAV" },
      { "Cost_Center": "X301FEM1" },
      { "Cost_Center": "X301FMK1" },
      { "Cost_Center": "X301FPC1" },
      { "Cost_Center": "X301FRM1" },
      { "Cost_Center": "X301FRO1" },
      { "Cost_Center": "X301FST1" },
      { "Cost_Center": "X301FVM1" },
      { "Cost_Center": "X301G400" },
      { "Cost_Center": "X301G600" },
      { "Cost_Center": "X301M410" },
      { "Cost_Center": "X301M415" },
      { "Cost_Center": "X301M420" },
      { "Cost_Center": "X301M440" },
      { "Cost_Center": "X301M445" },
      { "Cost_Center": "X301M450" },
      { "Cost_Center": "X301M600" },
      { "Cost_Center": "X301M700" },
      { "Cost_Center": "X301M710" },
      { "Cost_Center": "X301M800" },
      { "Cost_Center": "X301P720" },
      { "Cost_Center": "X301X100" },
      { "Cost_Center": "X302R100" },
      { "Cost_Center": "X302R200" },
      { "Cost_Center": "X302S100" },
      { "Cost_Center": "X305ARHJ" },
      { "Cost_Center": "X305ARTI" },
      { "Cost_Center": "X305CPEP" },
      { "Cost_Center": "X305DECO" },
      { "Cost_Center": "X305DIGI" },
      { "Cost_Center": "X305DIHJ" },
      { "Cost_Center": "X305OPER" },
      { "Cost_Center": "X305PLAN" },
      { "Cost_Center": "X305PLHJ" },
      { "Cost_Center": "X305RCPF" },
      { "Cost_Center": "X305SICM" },
      { "Cost_Center": "X306K400" },
      { "Cost_Center": "X306K501" },
      { "Cost_Center": "X306K502" },
      { "Cost_Center": "X306K561" },
      { "Cost_Center": "X306K562" },
      { "Cost_Center": "X306K571" },
      { "Cost_Center": "X306K572" },
      { "Cost_Center": "X306K573" },
      { "Cost_Center": "X306K574" },
      { "Cost_Center": "X306K575" },
      { "Cost_Center": "X306K581" },
      { "Cost_Center": "X306K582" },
      { "Cost_Center": "X306K600" },
      { "Cost_Center": "X306K601" },
      { "Cost_Center": "X306K800" },
      { "Cost_Center": "X306K900" },
      { "Cost_Center": "X306K901" },
      { "Cost_Center": "X310B100" },
      { "Cost_Center": "X310B110" },
      { "Cost_Center": "X310B300" },
      { "Cost_Center": "X310B400" },
      { "Cost_Center": "X310B410" },
      { "Cost_Center": "X310B780" },
      { "Cost_Center": "X311B100" },
      { "Cost_Center": "X311B110" },
      { "Cost_Center": "X311B300" },
      { "Cost_Center": "X311B400" },
      { "Cost_Center": "X311B410" },
      { "Cost_Center": "X311B780" },
      { "Cost_Center": "X312B100" },
      { "Cost_Center": "X312B110" },
      { "Cost_Center": "X312B300" },
      { "Cost_Center": "X312B400" },
      { "Cost_Center": "X312B410" },
      { "Cost_Center": "X312B780" },
      { "Cost_Center": "X314B100" },
      { "Cost_Center": "X314B110" },
      { "Cost_Center": "X314B400" },
      { "Cost_Center": "X314B410" },
      { "Cost_Center": "X314B780" },
      { "Cost_Center": "X315B100" },
      { "Cost_Center": "X316B100" },
      { "Cost_Center": "X316B110" },
      { "Cost_Center": "X316B300" },
      { "Cost_Center": "X316B400" },
      { "Cost_Center": "X316B410" },
      { "Cost_Center": "X316B780" },
      { "Cost_Center": "X320A312" },
      { "Cost_Center": "X320A314" },
      { "Cost_Center": "X320A501" },
      { "Cost_Center": "X320B700" },
      { "Cost_Center": "X320C720" },
      { "Cost_Center": "X320D301" },
      { "Cost_Center": "X320D303" },
      { "Cost_Center": "X324B100" },
      { "Cost_Center": "X325B700" },
      { "Cost_Center": "X325F402" },
      { "Cost_Center": "X326B100" },
      { "Cost_Center": "X326L551" },
      { "Cost_Center": "X326L552" },
      { "Cost_Center": "X326L554" },
      { "Cost_Center": "X326L555" },
      { "Cost_Center": "X32CA304" },
      { "Cost_Center": "X32CA306" },
      { "Cost_Center": "X32CA310" },
      { "Cost_Center": "X32CA314" },
      { "Cost_Center": "X32CA400" },
      { "Cost_Center": "X32CA420" },
      { "Cost_Center": "X32CA440" },
      { "Cost_Center": "X32CA450" },
      { "Cost_Center": "X32CA500" },
      { "Cost_Center": "X32CA504" },
      { "Cost_Center": "X32CA505" },
      { "Cost_Center": "X32CA515" },
      { "Cost_Center": "X32CA530" },
      { "Cost_Center": "X32CARSE" },
      { "Cost_Center": "X32CC215" },
      { "Cost_Center": "X32CC300" },
      { "Cost_Center": "X32CC305" },
      { "Cost_Center": "X32CC315" },
      { "Cost_Center": "X32CC506" },
      { "Cost_Center": "X32CC708" },
      { "Cost_Center": "X32CC802" },
      { "Cost_Center": "X32CD301" },
      { "Cost_Center": "X32CD304" },
      { "Cost_Center": "X32CD305" },
      { "Cost_Center": "X32CD306" },
      { "Cost_Center": "X32CD307" },
      { "Cost_Center": "X32CD311" },
      { "Cost_Center": "X32CD312" },
      { "Cost_Center": "X32CD314" },
      { "Cost_Center": "X32CD500" },
      { "Cost_Center": "X32CD504" },
      { "Cost_Center": "X32CE400" },
      { "Cost_Center": "X32CF400" },
      { "Cost_Center": "X32CF402" },
      { "Cost_Center": "X32CG400" },
      { "Cost_Center": "X32CJ400" },
      { "Cost_Center": "X32CL400" },
      { "Cost_Center": "X32CM400" },
      { "Cost_Center": "X32CN400" },
      { "Cost_Center": "X330C101" },
      { "Cost_Center": "X330C110" },
      { "Cost_Center": "X330C111" },
      { "Cost_Center": "X330C203" },
      { "Cost_Center": "X330C208" },
      { "Cost_Center": "X330C210" },
      { "Cost_Center": "X330C212" },
      { "Cost_Center": "X330C220" },
      { "Cost_Center": "X330C230" },
      { "Cost_Center": "X330C240" },
      { "Cost_Center": "X330C241" },
      { "Cost_Center": "X330C300" },
      { "Cost_Center": "X330C400" },
      { "Cost_Center": "X330C410" },
      { "Cost_Center": "X330C510" },
      { "Cost_Center": "X330C520" },
      { "Cost_Center": "X330C530" },
      { "Cost_Center": "X330C531" },
      { "Cost_Center": "X330C540" },
      { "Cost_Center": "X330C611" },
      { "Cost_Center": "X330C614" },
      { "Cost_Center": "X330E100" },
      { "Cost_Center": "X330E200" },
      { "Cost_Center": "X330E210" },
      { "Cost_Center": "X330E300" },
      { "Cost_Center": "X330E310" },
      { "Cost_Center": "X330E400" },
      { "Cost_Center": "X330F100" },
      { "Cost_Center": "X330F200" },
      { "Cost_Center": "X330F201" },
      { "Cost_Center": "X330F202" },
      { "Cost_Center": "X330F203" },
      { "Cost_Center": "X330F210" },
      { "Cost_Center": "X330F220" },
      { "Cost_Center": "X330F221" },
      { "Cost_Center": "X330F230" },
      { "Cost_Center": "X330F231" },
      { "Cost_Center": "X330F232" },
      { "Cost_Center": "X330F240" },
      { "Cost_Center": "X330F300" },
      { "Cost_Center": "X330F320" },
      { "Cost_Center": "X330F502" },
      { "Cost_Center": "X330F600" },
      { "Cost_Center": "X330F800" },
      { "Cost_Center": "X330RHCO" },
      { "Cost_Center": "X332B100" },
      { "Cost_Center": "X333B100" },
      { "Cost_Center": "X333B110" },
      { "Cost_Center": "X333B400" },
      { "Cost_Center": "X333B780" },
      { "Cost_Center": "X335B100" },
      { "Cost_Center": "X335B110" },
      { "Cost_Center": "X335B400" },
      { "Cost_Center": "X335B410" },
      { "Cost_Center": "X335B780" },
      { "Cost_Center": "X338B100" },
      { "Cost_Center": "X338B110" },
      { "Cost_Center": "X33AB100" },
      { "Cost_Center": "X33BB100" },
      { "Cost_Center": "X33DB100" },
      { "Cost_Center": "X33FB100" },
      { "Cost_Center": "X33GB100" },
      { "Cost_Center": "X33HB100" },
      { "Cost_Center": "X33IB100" },
      { "Cost_Center": "X33LB100" },
      { "Cost_Center": "X33MB100" },
      { "Cost_Center": "X33NB100" },
      { "Cost_Center": "X33OB100" },
      { "Cost_Center": "X33PB100" },
      { "Cost_Center": "X33QB100" },
      { "Cost_Center": "X369B100" },
      { "Cost_Center": "X369B110" },
      { "Cost_Center": "X374B100" },
      { "Cost_Center": "X375B100" },
      { "Cost_Center": "X375B110" },
      { "Cost_Center": "X375B300" },
      { "Cost_Center": "X375B400" },
      { "Cost_Center": "X375B410" },
      { "Cost_Center": "X375B780" },
      { "Cost_Center": "X376B100" },
      { "Cost_Center": "X376B110" },
      { "Cost_Center": "X376B400" },
      { "Cost_Center": "X376B780" },
      { "Cost_Center": "X380B100" },
      { "Cost_Center": "X382B100" },
      { "Cost_Center": "X382B110" },
      { "Cost_Center": "X382B300" },
      { "Cost_Center": "X382B400" },
      { "Cost_Center": "X382B410" },
      { "Cost_Center": "X382B780" },
      { "Cost_Center": "X383B100" },
      { "Cost_Center": "X383B110" },
      { "Cost_Center": "X383B300" },
      { "Cost_Center": "X383B400" },
      { "Cost_Center": "X383B410" },
      { "Cost_Center": "X383B780" },
      { "Cost_Center": "X384B100" },
      { "Cost_Center": "X384B110" },
      { "Cost_Center": "X384B400" },
      { "Cost_Center": "X384B780" },
      { "Cost_Center": "X385B100" },
      { "Cost_Center": "X385B110" },
      { "Cost_Center": "X385B400" },
      { "Cost_Center": "X385B410" },
      { "Cost_Center": "X385B780" },
      { "Cost_Center": "X386B100" },
      { "Cost_Center": "X386B110" },
      { "Cost_Center": "X386B400" },
      { "Cost_Center": "X387B100" },
      { "Cost_Center": "X387B110" },
      { "Cost_Center": "X387B300" },
      { "Cost_Center": "X387B400" },
      { "Cost_Center": "X387B410" },
      { "Cost_Center": "X387B780" },
      { "Cost_Center": "X388B100" },
      { "Cost_Center": "X388B410" },
      { "Cost_Center": "X388B780" },
      { "Cost_Center": "X390AFPU" },
      { "Cost_Center": "X390AGSC" },
      { "Cost_Center": "X390BATI" },
      { "Cost_Center": "X390CID0" },
      { "Cost_Center": "X390CONS" },
      { "Cost_Center": "X390CRM0" },
      { "Cost_Center": "X390CSR0" },
      { "Cost_Center": "X390DAPR" },
      { "Cost_Center": "X390DGBS" },
      { "Cost_Center": "X390DGF0" },
      { "Cost_Center": "X390DGF1" },
      { "Cost_Center": "X390DGF2" },
      { "Cost_Center": "X390DGF3" },
      { "Cost_Center": "X390DGF4" },
      { "Cost_Center": "X390DGF5" },
      { "Cost_Center": "X390DGF6" },
      { "Cost_Center": "X390DGF7" },
      { "Cost_Center": "X390DGF8" },
      { "Cost_Center": "X390DGF9" },
      { "Cost_Center": "X390DGI1" },
      { "Cost_Center": "X390DGI3" },
      { "Cost_Center": "X390DGI4" },
      { "Cost_Center": "X390DGI5" },
      { "Cost_Center": "X390DGI8" },
      { "Cost_Center": "X390DGMD" },
      { "Cost_Center": "X390DGMF" },
      { "Cost_Center": "X390DGMS" },
      { "Cost_Center": "X390DI17" },
      { "Cost_Center": "X390DI18" },
      { "Cost_Center": "X390DI20" },
      { "Cost_Center": "X390DI29" },
      { "Cost_Center": "X390DIEU" },
      { "Cost_Center": "X390DINF" },
      { "Cost_Center": "X390DIP0" },
      { "Cost_Center": "X390DQLT" },
      { "Cost_Center": "X390DRH0" },
      { "Cost_Center": "X390DRH1" },
      { "Cost_Center": "X390DRH2" },
      { "Cost_Center": "X390DRH6" },
      { "Cost_Center": "X390DRH7" },
      { "Cost_Center": "X390DRH9" },
      { "Cost_Center": "X390EDG0" },
      { "Cost_Center": "X390EEB0" },
      { "Cost_Center": "X390EEC0" },
      { "Cost_Center": "X390EEC1" },
      { "Cost_Center": "X390EGER" },
      { "Cost_Center": "X390ELC0" },
      { "Cost_Center": "X390EME0" },
      { "Cost_Center": "X390ERH0" },
      { "Cost_Center": "X390ERH3" },
      { "Cost_Center": "X390ERH4" },
      { "Cost_Center": "X390ERH5" },
      { "Cost_Center": "X390EXPA" },
      { "Cost_Center": "X390FDG0" },
      { "Cost_Center": "X390FDTN" },
      { "Cost_Center": "X390FFI0" },
      { "Cost_Center": "X390FIT0" },
      { "Cost_Center": "X390FME0" },
      { "Cost_Center": "X390FRH0" },
      { "Cost_Center": "X390FSS0" },
      { "Cost_Center": "X390GPS" },
      { "Cost_Center": "X390HROD" },
      { "Cost_Center": "X390IMPA" },
      { "Cost_Center": "X390JURD" },
      { "Cost_Center": "X390NLCO" },
      { "Cost_Center": "X390ONEP" },
      { "Cost_Center": "X390OTCO" },
      { "Cost_Center": "X390PATR" },
      { "Cost_Center": "X390PDTS" },
      { "Cost_Center": "X390PMQS" },
      { "Cost_Center": "X390PMRH" },
      { "Cost_Center": "X390PRES" },
      { "Cost_Center": "X390PROJ" },
      { "Cost_Center": "X390RCCC" },
      { "Cost_Center": "X390RCCN" },
      { "Cost_Center": "X390RH10" },
      { "Cost_Center": "X390RH11" },
      { "Cost_Center": "X390RH13" },
      { "Cost_Center": "X390RH14" },
      { "Cost_Center": "X390RH15" },
      { "Cost_Center": "X390RH16" },
      { "Cost_Center": "X390RH20" },
      { "Cost_Center": "X390RH21" },
      { "Cost_Center": "X390RH22" },
      { "Cost_Center": "X390RH23" },
      { "Cost_Center": "X390RH24" },
      { "Cost_Center": "X390RMGT" },
      { "Cost_Center": "X390RPCO" },
      { "Cost_Center": "X390RPRE" },
      { "Cost_Center": "X390SCOL" },
      { "Cost_Center": "X390SCOM" },
      { "Cost_Center": "X390SGX1" },
      { "Cost_Center": "X390SGX2" },
      { "Cost_Center": "X390SGX3" },
      { "Cost_Center": "X390SGX4" },
      { "Cost_Center": "X390SGX5" },
      { "Cost_Center": "X390SGX6" },
      { "Cost_Center": "X390SGX7" },
      { "Cost_Center": "X390SIFI" },
      { "Cost_Center": "X390SIRH" },
      { "Cost_Center": "X400S700" },
      { "Cost_Center": "X400S701" },
      { "Cost_Center": "X400S705" },
      { "Cost_Center": "X400S706" },
      { "Cost_Center": "X400S707" },
      { "Cost_Center": "X400S710" },
      { "Cost_Center": "X400S711" },
      { "Cost_Center": "X400S730" },
      { "Cost_Center": "X400S731" },
      { "Cost_Center": "X400S741" },
      { "Cost_Center": "X400S743" },
      { "Cost_Center": "X400S744" },
      { "Cost_Center": "X400S745" },
      { "Cost_Center": "X400S751" },
      { "Cost_Center": "X400S753" },
      { "Cost_Center": "X400S755" },
      { "Cost_Center": "X400S759" },
      { "Cost_Center": "X400S769" },
      { "Cost_Center": "X400S770" },
      { "Cost_Center": "X400S771" },
      { "Cost_Center": "X400S780" },
      { "Cost_Center": "X400S790" },
      { "Cost_Center": "X400S800" },
      { "Cost_Center": "X400S900" },
      { "Cost_Center": "X404G800" },
      { "Cost_Center": "X404G810" },
      { "Cost_Center": "X404G820" },
      { "Cost_Center": "X404G850" },
      { "Cost_Center": "X404M000" },
      { "Cost_Center": "X404M010" },
      { "Cost_Center": "X404M030" },
      { "Cost_Center": "X404M040" },
      { "Cost_Center": "X404M050" },
      { "Cost_Center": "X404M060" },
      { "Cost_Center": "X404M101" },
      { "Cost_Center": "X404M111" },
      { "Cost_Center": "X404M121" },
      { "Cost_Center": "X404M131" },
      { "Cost_Center": "X404M132" },
      { "Cost_Center": "X404M141" },
      { "Cost_Center": "X404M151" },
      { "Cost_Center": "X404M161" },
      { "Cost_Center": "X404M171" },
      { "Cost_Center": "X404M202" },
      { "Cost_Center": "X404M304" },
      { "Cost_Center": "X404M305" },
      { "Cost_Center": "X404M306" },
      { "Cost_Center": "X404M307" },
      { "Cost_Center": "X404M308" },
      { "Cost_Center": "X404M309" },
      { "Cost_Center": "X404M314" },
      { "Cost_Center": "X404M319" },
      { "Cost_Center": "X404M334" },
      { "Cost_Center": "X404M344" },
      { "Cost_Center": "X404M349" },
      { "Cost_Center": "X404M354" },
      { "Cost_Center": "X404M505" },
      { "Cost_Center": "X404M545" },
      { "Cost_Center": "X404M600" },
      { "Cost_Center": "X404M606" },
      { "Cost_Center": "X404M700" },
      { "Cost_Center": "X404M855" },
      { "Cost_Center": "X404M980" },
      { "Cost_Center": "X404S200" },
      { "Cost_Center": "X404S300" },
      { "Cost_Center": "X404S400" },
      { "Cost_Center": "X404S401" },
      { "Cost_Center": "X404S402" },
      { "Cost_Center": "X404S403" },
      { "Cost_Center": "X404S500" },
      { "Cost_Center": "X404S600" },
      { "Cost_Center": "X490EXPA" },
      { "Cost_Center": "X865LABC" }
    ]
  },
  "year": "2022",
  "month": "12",
  "DivisionFilters": "ALL / CORPORATE / PARFUMS BEAUTE / EUROPE / HORLOGERIE/JOAILLERIE / MODE",
  "DetailedDivisionFilters": "ALL / CORPORATE / CREATION / MARCHE FRANCE / REGION EUROPE / HORLOGERIE/JOAILLERIE / MODE / PARFUMS BEAUTE / PRES NLCO EXCD",
  "SocietesFilters": "ALL / CHANEL SAS / CHANEL COORDINATION / CHANEL PARFUMS BEAUTE / CHANEL SAINT HONORE",
  "EstablishmentFilters": "ALL / CH NEUILLY / CHANEL CAMBON / CHANEL CANNES / CHANEL CH CDG / CHANEL CHAMONIX / CHANEL CHAMPS ELYSEES / CHANEL FBG SAINT HONORE / CHANEL MONTAIGNE / CHANEL MONTAIGNE 51 / CHANEL NEUILLY / CHANEL NICE / CHANEL PANTIN 2 / CHANEL ROYALE / CHANEL VENDOME / CHANEL COORDINATION CHAMANT / CHANEL COORDINATION DUPHOT / CHANEL COORDINATION LE MEUX / CHANEL COORDINATION VEMARS / CHANEL PARFUMS BEAUTE CHAMANT / CHANEL PARFUMS BEAUTE COMPIEGNE / CHANEL PARFUMS BEAUTE LE MEUX / CHANEL PARFUMS BEAUTE MOUGINS / CHANEL PARFUMS BEAUTE NEUILLY / CHANEL PARFUMS BEAUTE PANTIN / CHANEL PARFUMS BEAUTE PANTIN 2 / CHANEL SAINT HONORE / CERIES NEUILLY",
  "ContractType": [ "CDI", "CDD" ],
  "size": "\"250+\"",
  "filter": "\"Coef\"",
  "template": "3",
  "vision": "\"PROJECTION\"",
  "year2": "0"
}