{
  "body": {
    "Table1": [
      { "Cost_Center": "BSCHAMPS" },
      { "Cost_Center": "BSNEUILL" },
      { "Cost_Center": "X300G300" },
      { "Cost_Center": "X300G310" },
      { "Cost_Center": "X300G400" },
      { "Cost_Center": "X300G500" },
      { "Cost_Center": "X300G610" },
      { "Cost_Center": "X300G620" },
      { "Cost_Center": "X300G630" },
      { "Cost_Center": "X300G640" },
      { "Cost_Center": "X300G650" },
      { "Cost_Center": "X301CSAV" },
      { "Cost_Center": "X301FEM1" },
      { "Cost_Center": "X301FMK1" },
      { "Cost_Center": "X301FPC1" },
      { "Cost_Center": "X301FRM1" },
      { "Cost_Center": "X301FRO1" },
      { "Cost_Center": "X301FST1" },
      { "Cost_Center": "X301FVM1" },
      { "Cost_Center": "X301G400" },
      { "Cost_Center": "X301G600" },
      { "Cost_Center": "X301M415" },
      { "Cost_Center": "X301M420" },
      { "Cost_Center": "X301M425" },
      { "Cost_Center": "X301M440" },
      { "Cost_Center": "X301M445" },
      { "Cost_Center": "X301M450" },
      { "Cost_Center": "X301M800" },
      { "Cost_Center": "X301P720" },
      { "Cost_Center": "X301X100" },
      { "Cost_Center": "X302R200" },
      { "Cost_Center": "X302S100" },
      { "Cost_Center": "X305ARHJ" },
      { "Cost_Center": "X305ARTI" },
      { "Cost_Center": "X305CPEP" },
      { "Cost_Center": "X305DECO" },
      { "Cost_Center": "X305DIGI" },
      { "Cost_Center": "X305DIHJ" },
      { "Cost_Center": "X305OPER" },
      { "Cost_Center": "X305PLAN" },
      { "Cost_Center": "X305RCPF" },
      { "Cost_Center": "X305SICM" },
      { "Cost_Center": "X306K400" },
      { "Cost_Center": "X306K501" },
      { "Cost_Center": "X306K502" },
      { "Cost_Center": "X306K561" },
      { "Cost_Center": "X306K562" },
      { "Cost_Center": "X306K571" },
      { "Cost_Center": "X306K572" },
      { "Cost_Center": "X306K573" },
      { "Cost_Center": "X306K574" },
      { "Cost_Center": "X306K575" },
      { "Cost_Center": "X306K581" },
      { "Cost_Center": "X306K582" },
      { "Cost_Center": "X306K600" },
      { "Cost_Center": "X306K602" },
      { "Cost_Center": "X306K800" },
      { "Cost_Center": "X306K900" },
      { "Cost_Center": "X306K901" },
      { "Cost_Center": "X306K903" },
      { "Cost_Center": "X310B100" },
      { "Cost_Center": "X310B110" },
      { "Cost_Center": "X310B300" },
      { "Cost_Center": "X310B400" },
      { "Cost_Center": "X310B410" },
      { "Cost_Center": "X310B780" },
      { "Cost_Center": "X311B100" },
      { "Cost_Center": "X311B110" },
      { "Cost_Center": "X311B300" },
      { "Cost_Center": "X311B400" },
      { "Cost_Center": "X311B410" },
      { "Cost_Center": "X311B780" },
      { "Cost_Center": "X312B100" },
      { "Cost_Center": "X312B110" },
      { "Cost_Center": "X312B300" },
      { "Cost_Center": "X312B400" },
      { "Cost_Center": "X312B410" },
      { "Cost_Center": "X312B780" },
      { "Cost_Center": "X314B100" },
      { "Cost_Center": "X314B110" },
      { "Cost_Center": "X314B400" },
      { "Cost_Center": "X314B410" },
      { "Cost_Center": "X314B780" },
      { "Cost_Center": "X316B100" },
      { "Cost_Center": "X316B110" },
      { "Cost_Center": "X316B300" },
      { "Cost_Center": "X316B400" },
      { "Cost_Center": "X316B410" },
      { "Cost_Center": "X316B780" },
      { "Cost_Center": "X320A312" },
      { "Cost_Center": "X320B700" },
      { "Cost_Center": "X320C720" },
      { "Cost_Center": "X320D303" },
      { "Cost_Center": "X324B100" },
      { "Cost_Center": "X325B700" },
      { "Cost_Center": "X326B100" },
      { "Cost_Center": "X326L551" },
      { "Cost_Center": "X326L552" },
      { "Cost_Center": "X326L554" },
      { "Cost_Center": "X326L555" },
      { "Cost_Center": "X32CA310" },
      { "Cost_Center": "X32CA314" },
      { "Cost_Center": "X32CA400" },
      { "Cost_Center": "X32CA420" },
      { "Cost_Center": "X32CA440" },
      { "Cost_Center": "X32CA450" },
      { "Cost_Center": "X32CA500" },
      { "Cost_Center": "X32CA504" },
      { "Cost_Center": "X32CA505" },
      { "Cost_Center": "X32CA515" },
      { "Cost_Center": "X32CA530" },
      { "Cost_Center": "X32CC300" },
      { "Cost_Center": "X32CC305" },
      { "Cost_Center": "X32CC315" },
      { "Cost_Center": "X32CC506" },
      { "Cost_Center": "X32CC708" },
      { "Cost_Center": "X32CC802" },
      { "Cost_Center": "X32CD301" },
      { "Cost_Center": "X32CD304" },
      { "Cost_Center": "X32CD305" },
      { "Cost_Center": "X32CD306" },
      { "Cost_Center": "X32CD307" },
      { "Cost_Center": "X32CD311" },
      { "Cost_Center": "X32CD312" },
      { "Cost_Center": "X32CD314" },
      { "Cost_Center": "X32CD500" },
      { "Cost_Center": "X32CD504" },
      { "Cost_Center": "X32CE400" },
      { "Cost_Center": "X32CF400" },
      { "Cost_Center": "X32CG400" },
      { "Cost_Center": "X32CJ400" },
      { "Cost_Center": "X32CN400" },
      { "Cost_Center": "X330C101" },
      { "Cost_Center": "X330C110" },
      { "Cost_Center": "X330C111" },
      { "Cost_Center": "X330C208" },
      { "Cost_Center": "X330C210" },
      { "Cost_Center": "X330C212" },
      { "Cost_Center": "X330C240" },
      { "Cost_Center": "X330C241" },
      { "Cost_Center": "X330C300" },
      { "Cost_Center": "X330C400" },
      { "Cost_Center": "X330C410" },
      { "Cost_Center": "X330C520" },
      { "Cost_Center": "X330C540" },
      { "Cost_Center": "X330C610" },
      { "Cost_Center": "X330C611" },
      { "Cost_Center": "X330C614" },
      { "Cost_Center": "X330E100" },
      { "Cost_Center": "X330E200" },
      { "Cost_Center": "X330E210" },
      { "Cost_Center": "X330E300" },
      { "Cost_Center": "X330E310" },
      { "Cost_Center": "X330E400" },
      { "Cost_Center": "X330F100" },
      { "Cost_Center": "X330F200" },
      { "Cost_Center": "X330F201" },
      { "Cost_Center": "X330F202" },
      { "Cost_Center": "X330F203" },
      { "Cost_Center": "X330F210" },
      { "Cost_Center": "X330F221" },
      { "Cost_Center": "X330F230" },
      { "Cost_Center": "X330F231" },
      { "Cost_Center": "X330F232" },
      { "Cost_Center": "X330F240" },
      { "Cost_Center": "X330F300" },
      { "Cost_Center": "X330F320" },
      { "Cost_Center": "X330F502" },
      { "Cost_Center": "X330F600" },
      { "Cost_Center": "X332B100" },
      { "Cost_Center": "X333B100" },
      { "Cost_Center": "X333B110" },
      { "Cost_Center": "X333B400" },
      { "Cost_Center": "X333B780" },
      { "Cost_Center": "X334B110" },
      { "Cost_Center": "X334B400" },
      { "Cost_Center": "X335B100" },
      { "Cost_Center": "X335B110" },
      { "Cost_Center": "X335B400" },
      { "Cost_Center": "X335B410" },
      { "Cost_Center": "X335B780" },
      { "Cost_Center": "X338B100" },
      { "Cost_Center": "X338B110" },
      { "Cost_Center": "X338B780" },
      { "Cost_Center": "X33AB100" },
      { "Cost_Center": "X33BB100" },
      { "Cost_Center": "X33DB100" },
      { "Cost_Center": "X33FB100" },
      { "Cost_Center": "X33GB100" },
      { "Cost_Center": "X33HB100" },
      { "Cost_Center": "X33IB100" },
      { "Cost_Center": "X33JB100" },
      { "Cost_Center": "X33KB100" },
      { "Cost_Center": "X33LB100" },
      { "Cost_Center": "X33MB100" },
      { "Cost_Center": "X33NB100" },
      { "Cost_Center": "X33OB100" },
      { "Cost_Center": "X33PB100" },
      { "Cost_Center": "X33QB100" },
      { "Cost_Center": "X369B100" },
      { "Cost_Center": "X369B110" },
      { "Cost_Center": "X375B100" },
      { "Cost_Center": "X375B110" },
      { "Cost_Center": "X375B300" },
      { "Cost_Center": "X375B400" },
      { "Cost_Center": "X375B410" },
      { "Cost_Center": "X375B780" },
      { "Cost_Center": "X376B100" },
      { "Cost_Center": "X376B110" },
      { "Cost_Center": "X376B780" },
      { "Cost_Center": "X382B100" },
      { "Cost_Center": "X382B110" },
      { "Cost_Center": "X382B300" },
      { "Cost_Center": "X382B400" },
      { "Cost_Center": "X382B410" },
      { "Cost_Center": "X382B780" },
      { "Cost_Center": "X383B100" },
      { "Cost_Center": "X383B110" },
      { "Cost_Center": "X383B300" },
      { "Cost_Center": "X383B400" },
      { "Cost_Center": "X383B410" },
      { "Cost_Center": "X383B780" },
      { "Cost_Center": "X384B100" },
      { "Cost_Center": "X384B110" },
      { "Cost_Center": "X384B400" },
      { "Cost_Center": "X384B780" },
      { "Cost_Center": "X385B100" },
      { "Cost_Center": "X385B110" },
      { "Cost_Center": "X385B400" },
      { "Cost_Center": "X385B410" },
      { "Cost_Center": "X385B780" },
      { "Cost_Center": "X387B100" },
      { "Cost_Center": "X387B110" },
      { "Cost_Center": "X387B300" },
      { "Cost_Center": "X387B400" },
      { "Cost_Center": "X387B410" },
      { "Cost_Center": "X387B780" },
      { "Cost_Center": "X390AGSC" },
      { "Cost_Center": "X390BATI" },
      { "Cost_Center": "X390CID0" },
      { "Cost_Center": "X390CONS" },
      { "Cost_Center": "X390CRM0" },
      { "Cost_Center": "X390CSR0" },
      { "Cost_Center": "X390DAPR" },
      { "Cost_Center": "X390DGBS" },
      { "Cost_Center": "X390DGF0" },
      { "Cost_Center": "X390DGF1" },
      { "Cost_Center": "X390DGF2" },
      { "Cost_Center": "X390DGF3" },
      { "Cost_Center": "X390DGF4" },
      { "Cost_Center": "X390DGF5" },
      { "Cost_Center": "X390DGF6" },
      { "Cost_Center": "X390DGF7" },
      { "Cost_Center": "X390DGF8" },
      { "Cost_Center": "X390DGF9" },
      { "Cost_Center": "X390DGI1" },
      { "Cost_Center": "X390DGI3" },
      { "Cost_Center": "X390DGI4" },
      { "Cost_Center": "X390DGI5" },
      { "Cost_Center": "X390DGI8" },
      { "Cost_Center": "X390DGMD" },
      { "Cost_Center": "X390DGMF" },
      { "Cost_Center": "X390DGMS" },
      { "Cost_Center": "X390DI17" },
      { "Cost_Center": "X390DI18" },
      { "Cost_Center": "X390DI20" },
      { "Cost_Center": "X390DI29" },
      { "Cost_Center": "X390DIEU" },
      { "Cost_Center": "X390DINF" },
      { "Cost_Center": "X390DIP0" },
      { "Cost_Center": "X390DRH1" },
      { "Cost_Center": "X390DRH2" },
      { "Cost_Center": "X390DRH6" },
      { "Cost_Center": "X390DRH7" },
      { "Cost_Center": "X390DRH9" },
      { "Cost_Center": "X390EDG0" },
      { "Cost_Center": "X390EEB0" },
      { "Cost_Center": "X390EEC0" },
      { "Cost_Center": "X390EEC1" },
      { "Cost_Center": "X390EGER" },
      { "Cost_Center": "X390ELC0" },
      { "Cost_Center": "X390EME0" },
      { "Cost_Center": "X390ERH0" },
      { "Cost_Center": "X390ERH3" },
      { "Cost_Center": "X390ERH4" },
      { "Cost_Center": "X390ERH5" },
      { "Cost_Center": "X390EXPA" },
      { "Cost_Center": "X390FDG0" },
      { "Cost_Center": "X390FDTN" },
      { "Cost_Center": "X390FFI0" },
      { "Cost_Center": "X390FIT0" },
      { "Cost_Center": "X390FME0" },
      { "Cost_Center": "X390FRH0" },
      { "Cost_Center": "X390FSS0" },
      { "Cost_Center": "X390GPS" },
      { "Cost_Center": "X390HROD" },
      { "Cost_Center": "X390IMPA" },
      { "Cost_Center": "X390JURD" },
      { "Cost_Center": "X390NLCO" },
      { "Cost_Center": "X390ONEP" },
      { "Cost_Center": "X390OTCO" },
      { "Cost_Center": "X390PATR" },
      { "Cost_Center": "X390PDTS" },
      { "Cost_Center": "X390PMQS" },
      { "Cost_Center": "X390PMRH" },
      { "Cost_Center": "X390PRES" },
      { "Cost_Center": "X390PROJ" },
      { "Cost_Center": "X390RCCN" },
      { "Cost_Center": "X390RH10" },
      { "Cost_Center": "X390RH13" },
      { "Cost_Center": "X390RH14" },
      { "Cost_Center": "X390RH15" },
      { "Cost_Center": "X390RH16" },
      { "Cost_Center": "X390RH20" },
      { "Cost_Center": "X390RH21" },
      { "Cost_Center": "X390RH22" },
      { "Cost_Center": "X390RH23" },
      { "Cost_Center": "X390RH24" },
      { "Cost_Center": "X390RMGT" },
      { "Cost_Center": "X390RPCO" },
      { "Cost_Center": "X390RPRE" },
      { "Cost_Center": "X390RSET" },
      { "Cost_Center": "X390SCOL" },
      { "Cost_Center": "X390SCOM" },
      { "Cost_Center": "X390SGX1" },
      { "Cost_Center": "X390SGX2" },
      { "Cost_Center": "X390SGX3" },
      { "Cost_Center": "X390SGX4" },
      { "Cost_Center": "X390SGX5" },
      { "Cost_Center": "X390SGX6" },
      { "Cost_Center": "X390SGX7" },
      { "Cost_Center": "X390SIFI" }
    ]
  },
  "year": "2021",
  "DivisionFilters": "ALL / CORPORATE / PARFUMS BEAUTE / PARFUMS BEAUTE / EUROPE / HORLOGERIE/JOAILLERIE / MODE / MODE - VERNEUIL / MODE- ITALIE",
  "DetailedDivisionFilters": "ALL / CORPORATE / CREATION / MARCHE FRANCE / REGION EUROPE / HORLOGERIE/JOAILLERIE / PARFUMS BEAUTE / MODE / PARFUMS BEAUTE / PRES NLCO EXCD / MODE - VERNEUIL / MODE- ITALIE",
  "SocietesFilters": "CHANEL SAS",
  "EstablishmentFilters": "0009_NA / CH MONTAIGNE 51 / CH NEUILLY / CHANEL CAMBON / CHANEL CANNES / CHANEL CH CDG / CHANEL CHAMONIX / CHANEL CHAMPS ELYSEES / CHANEL FBG SAINT HONORE / CHANEL MONTAIGNE / CHANEL MONTAIGNE / CHANEL MONTAIGNE 51 / CHANEL NEUILLY / CHANEL NICE / CHANEL PANTIN 2 / CHANEL ROYALE / CHANEL VENDOME",
  "CSEFilters": "ALL / CSE NEUILLY / CSE EUROPE / CSE PARFUMS BEAUTE / CSE MODE / CSE HORLOGERIE / JOAILLERIE"
}