{
	"name": "pip_process_cube_mk_copy1",
	"properties": {
		"activities": [
			{
				"name": "pip_process_dim",
				"type": "WebActivity",
				"dependsOn": [],
				"policy": {
					"timeout": "7.00:00:00",
					"retry": 0,
					"retryIntervalInSeconds": 30,
					"secureOutput": false,
					"secureInput": false
				},
				"userProperties": [],
				"typeProperties": {
					"url": {
						"value": "@concat('https://westeurope.asazure.windows.net/servers/', pipeline().globalParameters.as_db_server,'/models/DataInsights/refreshes')",
						"type": "Expression"
					},
					"connectVia": {
						"referenceName": "SHIRadf-dif-we1-dev",
						"type": "IntegrationRuntimeReference"
					},
					"method": "POST",
					"body": {
						"Type": "Full",
						"CommitMode": "transactional",
						"MaxParallelism": 2,
						"RetryCount": 2,
						"Objects": [
							{
								"database": "DataInsights",
								"table": "001 - AXE COM - TEMPS"
							},
							{
								"database": "DataInsights",
								"table": "001 - AXE COM - TEMPS - DATE EFFET"
							},
							{
								"database": "DataInsights",
								"table": "002 - AXE COM - INFO SALARIE"
							},
							{
								"database": "DataInsights",
								"table": "002 - AXE COM - INFO SALARIE - HISTORIQUE"
							},
							{
								"database": "DataInsights",
								"table": "002 - AXE COM - INFO SALARIE - HISTORIQUE SALAIRE"
							},
							{
								"database": "DataInsights",
								"table": "003 - AXE COM - INFO DATES"
							},
							{
								"database": "DataInsights",
								"table": "004 - AXE COM - AGE"
							}
						]
					},
					"authentication": {
						"type": "MSI",
						"resource": "https://*.asazure.windows.net"
					}
				}
			}
		],
		"parameters": {
			"parent_pipeline_runid": {
				"type": "string"
			}
		},
		"folder": {
			"name": "07-score/Test"
		},
		"annotations": [],
		"lastPublishTime": "2021-02-10T19:01:43Z"
	},
	"type": "Microsoft.DataFactory/factories/pipelines"
}