{
	"name": "pip_load_score_generic",
	"properties": {
		"activities": [
			{
				"name": "nbk_load_score_generic",
				"type": "DatabricksNotebook",
				"dependsOn": [
					{
						"activity": "lkp_sp_start_load_score_generic",
						"dependencyConditions": [
							"Succeeded"
						]
					}
				],
				"policy": {
					"timeout": "7.00:00:00",
					"retry": 0,
					"retryIntervalInSeconds": 30,
					"secureOutput": false,
					"secureInput": false
				},
				"userProperties": [],
				"typeProperties": {
					"notebookPath": "/DataInsights/Export/Score/DI_score_export_files",
					"baseParameters": {
						"filename": {
							"value": "@pipeline().parameters.filename",
							"type": "Expression"
						},
						"flux": {
							"value": "@pipeline().parameters.flux",
							"type": "Expression"
						},
						"start_date": {
							"value": "@pipeline().parameters.start_date",
							"type": "Expression"
						},
						"limit_date": {
							"value": "@pipeline().parameters.limit_date",
							"type": "Expression"
						}
					}
				},
				"linkedServiceName": {
					"referenceName": "lkservdtbrckswe1",
					"type": "LinkedServiceReference",
					"parameters": {
						"dtbrcks_cluster": {
							"value": "@pipeline().globalParameters.dtbrcks_cluster",
							"type": "Expression"
						},
						"dtbrcks_wksp_url": {
							"value": "@pipeline().globalParameters.dtbrcks_wksp_url",
							"type": "Expression"
						}
					}
				}
			},
			{
				"name": "sp_end_load_refined_generic",
				"type": "SqlServerStoredProcedure",
				"dependsOn": [
					{
						"activity": "nbk_load_score_generic",
						"dependencyConditions": [
							"Succeeded"
						]
					}
				],
				"policy": {
					"timeout": "7.00:00:00",
					"retry": 0,
					"retryIntervalInSeconds": 30,
					"secureOutput": false,
					"secureInput": false
				},
				"userProperties": [],
				"typeProperties": {
					"storedProcedureName": "[monitoring].[usp_update_execution_logs]",
					"storedProcedureParameters": {
						"pipeline_name": {
							"value": {
								"value": "@concat('pip_load_score_',pipeline().parameters.filename)",
								"type": "Expression"
							},
							"type": "String"
						},
						"process_runid": {
							"value": {
								"value": "@pipeline().RunId",
								"type": "Expression"
							},
							"type": "String"
						},
						"status": {
							"value": "succeeded",
							"type": "String"
						},
						"return_value": {
							"value": {
								"value": "@activity('nbk_load_score_generic').output.runOutput",
								"type": "Expression"
							},
							"type": "String"
						},
						"log_error": {
							"value": "",
							"type": "String"
						}
					}
				},
				"linkedServiceName": {
					"referenceName": "lkservdbmonitoring",
					"type": "LinkedServiceReference"
				}
			},
			{
				"name": "sp_error_load_score_generic",
				"type": "SqlServerStoredProcedure",
				"dependsOn": [
					{
						"activity": "nbk_load_score_generic",
						"dependencyConditions": [
							"Failed"
						]
					}
				],
				"policy": {
					"timeout": "7.00:00:00",
					"retry": 0,
					"retryIntervalInSeconds": 30,
					"secureOutput": false,
					"secureInput": false
				},
				"userProperties": [],
				"typeProperties": {
					"storedProcedureName": "[monitoring].[usp_update_execution_logs]",
					"storedProcedureParameters": {
						"pipeline_name": {
							"value": {
								"value": "@concat('pip_load_score_',pipeline().parameters.filename)",
								"type": "Expression"
							},
							"type": "String"
						},
						"process_runid": {
							"value": {
								"value": "@pipeline().RunId",
								"type": "Expression"
							},
							"type": "String"
						},
						"status": {
							"value": "failed",
							"type": "String"
						},
						"return_value": {
							"type": "String"
						},
						"log_error": {
							"value": {
								"value": "@activity('nbk_load_score_generic').output.runPageUrl",
								"type": "Expression"
							},
							"type": "String"
						}
					}
				},
				"linkedServiceName": {
					"referenceName": "lkservdbmonitoring",
					"type": "LinkedServiceReference"
				}
			},
			{
				"name": "lkp_sp_start_load_score_generic",
				"type": "Lookup",
				"dependsOn": [],
				"policy": {
					"timeout": "7.00:00:00",
					"retry": 0,
					"retryIntervalInSeconds": 30,
					"secureOutput": false,
					"secureInput": false
				},
				"userProperties": [],
				"typeProperties": {
					"source": {
						"type": "AzureSqlSource",
						"sqlReaderStoredProcedureName": "[monitoring].[usp_add_execution_logs]",
						"storedProcedureParameters": {
							"event_date_time": {
								"type": "DateTime",
								"value": {
									"value": "@utcnow()",
									"type": "Expression"
								}
							},
							"execution_environment": {
								"type": "String",
								"value": {
									"value": "@pipeline().DataFactory",
									"type": "Expression"
								}
							},
							"layer": {
								"type": "String",
								"value": "score"
							},
							"parent_process_runid": {
								"type": "String",
								"value": {
									"value": "@pipeline()?.TriggeredByPipelineName",
									"type": "Expression"
								}
							},
							"pipeline_name": {
								"type": "String",
								"value": {
									"value": "@concat('pip_load_score_',pipeline().parameters.filename)",
									"type": "Expression"
								}
							},
							"process_runid": {
								"type": "String",
								"value": {
									"value": "@pipeline().RunId",
									"type": "Expression"
								}
							},
							"status": {
								"type": "String",
								"value": "start"
							},
							"functional_domain": {
								"type": "String",
								"value": {
									"value": "dataInsight",
									"type": "Expression"
								}
							}
						},
						"queryTimeout": "02:00:00",
						"partitionOption": "None"
					},
					"dataset": {
						"referenceName": "ds_monitoring_db",
						"type": "DatasetReference"
					},
					"firstRowOnly": true
				}
			}
		],
		"parameters": {
			"parent_pipeline_runid": {
				"type": "string",
				"defaultValue": "1"
			},
			"filename": {
				"type": "string",
				"defaultValue": "paie"
			},
			"start_date": {
				"type": "string",
				"defaultValue": "2021-05-31"
			},
			"limit_date": {
				"type": "string",
				"defaultValue": "2021-01-01"
			},
			"flux": {
				"type": "string",
				"defaultValue": "quotidien"
			}
		},
		"folder": {
			"name": "07-score"
		},
		"annotations": [],
		"lastPublishTime": "2021-09-15T07:16:28Z"
	},
	"type": "Microsoft.DataFactory/factories/pipelines"
}