{
	"name": "pip_load_curated_generalise",
	"properties": {
		"activities": [
			{
				"name": "lkp_sp_start_load_curated_generalise",
				"type": "Lookup",
				"dependsOn": [],
				"policy": {
					"timeout": "7.00:00:00",
					"retry": 0,
					"retryIntervalInSeconds": 30,
					"secureOutput": false,
					"secureInput": false
				},
				"userProperties": [],
				"typeProperties": {
					"source": {
						"type": "AzureSqlSource",
						"sqlReaderStoredProcedureName": "[monitoring].[usp_add_execution_logs]",
						"storedProcedureParameters": {
							"event_date_time": {
								"type": "Datetime",
								"value": {
									"value": "@utcnow()",
									"type": "Expression"
								}
							},
							"execution_environment": {
								"type": "String",
								"value": {
									"value": "@pipeline().DataFactory",
									"type": "Expression"
								}
							},
							"functional_domain": {
								"type": "String",
								"value": {
									"value": "@pipeline().parameters.group",
									"type": "Expression"
								}
							},
							"layer": {
								"type": "String",
								"value": {
									"value": "curated",
									"type": "Expression"
								}
							},
							"parent_process_runid": {
								"type": "String",
								"value": {
									"value": "@pipeline()?.TriggeredByPipelineRunId",
									"type": "Expression"
								}
							},
							"pipeline_name": {
								"type": "String",
								"value": {
									"value": "@pipeline().parameters.pipeline_name",
									"type": "Expression"
								}
							},
							"process_runid": {
								"type": "String",
								"value": {
									"value": "@pipeline().RunId",
									"type": "Expression"
								}
							},
							"status": {
								"type": "String",
								"value": "start"
							}
						},
						"queryTimeout": "02:00:00",
						"partitionOption": "None"
					},
					"dataset": {
						"referenceName": "ds_monitoring_db",
						"type": "DatasetReference"
					}
				}
			},
			{
				"name": "nbk_load_curated_generalise",
				"type": "DatabricksNotebook",
				"dependsOn": [
					{
						"activity": "lkp_sp_start_load_curated_generalise",
						"dependencyConditions": [
							"Succeeded"
						]
					}
				],
				"policy": {
					"timeout": "7.00:00:00",
					"retry": 0,
					"retryIntervalInSeconds": 30,
					"secureOutput": false,
					"secureInput": false
				},
				"userProperties": [],
				"typeProperties": {
					"notebookPath": "/DataInsights/2-Curated/load_curated_source_file",
					"baseParameters": {
						"source_folder": {
							"value": "@pipeline().parameters.source_folder",
							"type": "Expression"
						},
						"dest_folder": {
							"value": "@pipeline().parameters.dest_folder",
							"type": "Expression"
						},
						"runid": {
							"value": "@pipeline().RunId",
							"type": "Expression"
						},
						"last_load_date": {
							"value": "@activity('lkp_sp_start_load_curated_generalise').output.firstRow.last_load_date",
							"type": "Expression"
						},
						"partition_column": {
							"value": "@pipeline().parameters.partition_column",
							"type": "Expression"
						}
					}
				},
				"linkedServiceName": {
					"referenceName": "lkservdtbrckswe1",
					"type": "LinkedServiceReference",
					"parameters": {
						"dtbrcks_cluster": {
							"value": "@pipeline().globalParameters.dtbrcks_cluster",
							"type": "Expression"
						},
						"dtbrcks_wksp_url": {
							"value": "@pipeline().globalParameters.dtbrcks_wksp_url",
							"type": "Expression"
						}
					}
				}
			},
			{
				"name": "sp_end_load_curated_generalise",
				"type": "SqlServerStoredProcedure",
				"dependsOn": [
					{
						"activity": "nbk_load_curated_generalise",
						"dependencyConditions": [
							"Succeeded"
						]
					}
				],
				"policy": {
					"timeout": "7.00:00:00",
					"retry": 0,
					"retryIntervalInSeconds": 30,
					"secureOutput": false,
					"secureInput": false
				},
				"userProperties": [],
				"typeProperties": {
					"storedProcedureName": "[monitoring].[usp_update_execution_logs]",
					"storedProcedureParameters": {
						"pipeline_name": {
							"value": {
								"value": "@pipeline().parameters.pipeline_name",
								"type": "Expression"
							},
							"type": "String"
						},
						"process_runid": {
							"value": {
								"value": "@pipeline().RunId",
								"type": "Expression"
							},
							"type": "String"
						},
						"status": {
							"value": "succeeded",
							"type": "String"
						},
						"return_value": {
							"value": {
								"value": "@activity('nbk_load_curated_generalise').output.runOutput",
								"type": "Expression"
							},
							"type": "String"
						},
						"log_error": {
							"value": "",
							"type": "String"
						}
					}
				},
				"linkedServiceName": {
					"referenceName": "lkservdbmonitoring",
					"type": "LinkedServiceReference"
				}
			},
			{
				"name": "sp_error_load_curated_generalise",
				"type": "SqlServerStoredProcedure",
				"dependsOn": [
					{
						"activity": "nbk_load_curated_generalise",
						"dependencyConditions": [
							"Failed"
						]
					}
				],
				"policy": {
					"timeout": "7.00:00:00",
					"retry": 0,
					"retryIntervalInSeconds": 30,
					"secureOutput": false,
					"secureInput": false
				},
				"userProperties": [],
				"typeProperties": {
					"storedProcedureName": "[monitoring].[usp_update_execution_logs]",
					"storedProcedureParameters": {
						"pipeline_name": {
							"value": {
								"value": "@pipeline().parameters.pipeline_name",
								"type": "Expression"
							},
							"type": "String"
						},
						"process_runid": {
							"value": {
								"value": "@pipeline().RunId",
								"type": "Expression"
							},
							"type": "String"
						},
						"status": {
							"value": "failed",
							"type": "String"
						},
						"return_value": {
							"value": "",
							"type": "String"
						},
						"log_error": {
							"value": {
								"value": "@activity('nbk_load_curated_generalise').output.runPageUrl",
								"type": "Expression"
							},
							"type": "String"
						}
					}
				},
				"linkedServiceName": {
					"referenceName": "lkservdbmonitoring",
					"type": "LinkedServiceReference"
				}
			}
		],
		"parameters": {
			"parent_pipeline_runid": {
				"type": "string",
				"defaultValue": "1"
			},
			"pipeline_name": {
				"type": "string",
				"defaultValue": "pip_load_curated_hra_paie"
			},
			"source_folder": {
				"type": "string",
				"defaultValue": "hra/hra_paie"
			},
			"dest_folder": {
				"type": "string",
				"defaultValue": "pay/hra"
			},
			"partition_column": {
				"type": "string",
				"defaultValue": "date_raw_load_file"
			},
			"group": {
				"type": "string",
				"defaultValue": "workday"
			}
		},
		"folder": {
			"name": "01-curated"
		},
		"annotations": [],
		"lastPublishTime": "2021-04-25T16:19:59Z"
	},
	"type": "Microsoft.DataFactory/factories/pipelines"
}