{
	"name": "pip_load_curated",
	"properties": {
		"activities": [
			{
				"name": "ForEachCurated",
				"type": "ForEach",
				"dependsOn": [
					{
						"activity": "exec_pip_load_start_cluster",
						"dependencyConditions": [
							"Succeeded"
						]
					}
				],
				"userProperties": [],
				"typeProperties": {
					"items": {
						"value": "@json(string(pipeline().parameters.pipeline_list))",
						"type": "Expression"
					},
					"isSequential": false,
					"batchCount": 10,
					"activities": [
						{
							"name": "If layer curated",
							"type": "IfCondition",
							"dependsOn": [],
							"userProperties": [],
							"typeProperties": {
								"expression": {
									"value": "@contains(item().layer,'curated')",
									"type": "Expression"
								},
								"ifTrueActivities": [
									{
										"name": "pip_load_curated_generic_one",
										"type": "ExecutePipeline",
										"dependsOn": [],
										"userProperties": [],
										"typeProperties": {
											"pipeline": {
												"referenceName": "pip_load_curated_generic",
												"type": "PipelineReference"
											},
											"waitOnCompletion": true,
											"parameters": {
												"parent_pipeline_runid": {
													"value": "@item().process_runid",
													"type": "Expression"
												},
												"pipeline_name": {
													"value": "@item().databricks_name",
													"type": "Expression"
												},
												"source_folder": {
													"value": "@item().source_folder",
													"type": "Expression"
												},
												"dest_folder": {
													"value": "@item().dest_folder",
													"type": "Expression"
												},
												"partition_column": {
													"value": "@item().partition_column",
													"type": "Expression"
												},
												"group": {
													"value": "@item().group",
													"type": "Expression"
												},
												"file_extension": {
													"value": "@item().file_extension",
													"type": "Expression"
												},
												"file_separator": {
													"value": "@item().file_separator",
													"type": "Expression"
												}
											}
										}
									}
								]
							}
						}
					]
				}
			},
			{
				"name": "sp_start_load_curated",
				"type": "SqlServerStoredProcedure",
				"dependsOn": [],
				"policy": {
					"timeout": "7.00:00:00",
					"retry": 0,
					"retryIntervalInSeconds": 30,
					"secureOutput": false,
					"secureInput": false
				},
				"userProperties": [],
				"typeProperties": {
					"storedProcedureName": "[monitoring].[usp_add_execution_logs]",
					"storedProcedureParameters": {
						"event_date_time": {
							"value": {
								"value": "@utcnow()",
								"type": "Expression"
							},
							"type": "DateTime"
						},
						"execution_environment": {
							"value": {
								"value": "@pipeline().DataFactory",
								"type": "Expression"
							},
							"type": "String"
						},
						"pipeline_name": {
							"value": {
								"value": "@pipeline().Pipeline",
								"type": "Expression"
							},
							"type": "String"
						},
						"process_runid": {
							"value": {
								"value": "@pipeline().RunId",
								"type": "Expression"
							},
							"type": "String"
						},
						"status": {
							"value": "start",
							"type": "String"
						},
						"layer": {
							"value": "curated",
							"type": "String"
						},
						"functional_domain": {
							"value": "all",
							"type": "String"
						},
						"parent_process_runid": {
							"value": {
								"value": "@pipeline().parameters.parent_pipeline_runid",
								"type": "Expression"
							},
							"type": "String"
						}
					}
				},
				"linkedServiceName": {
					"referenceName": "lkservdbmonitoring",
					"type": "LinkedServiceReference"
				}
			},
			{
				"name": "exec_pip_load_start_cluster",
				"type": "ExecutePipeline",
				"dependsOn": [
					{
						"activity": "sp_start_load_curated",
						"dependencyConditions": [
							"Succeeded"
						]
					}
				],
				"userProperties": [],
				"typeProperties": {
					"pipeline": {
						"referenceName": "pip_load_start_cluster",
						"type": "PipelineReference"
					},
					"waitOnCompletion": true,
					"parameters": {
						"parent_pipeline_runid": {
							"value": "@pipeline().RunId",
							"type": "Expression"
						}
					}
				}
			},
			{
				"name": "sp_error_load_curated",
				"type": "SqlServerStoredProcedure",
				"dependsOn": [
					{
						"activity": "ForEachCurated",
						"dependencyConditions": [
							"Failed"
						]
					}
				],
				"policy": {
					"timeout": "7.00:00:00",
					"retry": 0,
					"retryIntervalInSeconds": 30,
					"secureOutput": false,
					"secureInput": false
				},
				"userProperties": [],
				"typeProperties": {
					"storedProcedureName": "[monitoring].[usp_update_execution_logs]",
					"storedProcedureParameters": {
						"pipeline_name": {
							"value": {
								"value": "@pipeline().Pipeline",
								"type": "Expression"
							},
							"type": "String"
						},
						"process_runid": {
							"value": {
								"value": "@pipeline().RunId",
								"type": "Expression"
							},
							"type": "String"
						},
						"status": {
							"value": "failed",
							"type": "String"
						},
						"return_value": {
							"value": "",
							"type": "String"
						},
						"log_error": {
							"value": {
								"value": "@activity('pip_load_curated_generic_one').output.runPageUrl",
								"type": "Expression"
							},
							"type": "String"
						}
					}
				},
				"linkedServiceName": {
					"referenceName": "lkservdbmonitoring",
					"type": "LinkedServiceReference"
				}
			},
			{
				"name": "sp_end_load_curated",
				"type": "SqlServerStoredProcedure",
				"dependsOn": [
					{
						"activity": "ForEachCurated",
						"dependencyConditions": [
							"Succeeded"
						]
					}
				],
				"policy": {
					"timeout": "7.00:00:00",
					"retry": 0,
					"retryIntervalInSeconds": 30,
					"secureOutput": false,
					"secureInput": false
				},
				"userProperties": [],
				"typeProperties": {
					"storedProcedureName": "[monitoring].[usp_update_execution_logs]",
					"storedProcedureParameters": {
						"pipeline_name": {
							"value": {
								"value": "@pipeline().Pipeline",
								"type": "Expression"
							},
							"type": "String"
						},
						"process_runid": {
							"value": {
								"value": "@pipeline().RunId",
								"type": "Expression"
							},
							"type": "String"
						},
						"status": {
							"value": "succeeded",
							"type": "String"
						},
						"return_value": {
							"value": {
								"value": "\"message: fin chargement curated\"",
								"type": "Expression"
							},
							"type": "String"
						},
						"log_error": {
							"value": "",
							"type": "String"
						}
					}
				},
				"linkedServiceName": {
					"referenceName": "lkservdbmonitoring",
					"type": "LinkedServiceReference"
				}
			}
		],
		"parameters": {
			"pipeline_list": {
				"type": "string",
				"defaultValue": [
					{
						"pipeline": "action_logement",
						"databricks_name": "pip_load_curated_action_logement",
						"process_runid": "1",
						"source_folder": "business/action_logement",
						"dest_folder": "pay/business",
						"partition_column": "date_raw_load_file,periode",
						"layer": "curated",
						"group": "business",
						"file_extension": "csv",
						"file_separator": ";"
					},
					{
						"pipeline": "ag_etablissement",
						"databricks_name": "pip_load_curated_ag_etablissement",
						"process_runid": "1",
						"source_folder": "business/ag_etablissement",
						"dest_folder": "pay/business",
						"partition_column": "date_raw_load_file,periode",
						"layer": "curated",
						"group": "business",
						"file_extension": "csv",
						"file_separator": ";"
					},
					{
						"pipeline": "eligibilite_psb",
						"databricks_name": "pip_load_curated_eligibilite_psb",
						"process_runid": "1",
						"source_folder": "business/eligibilite_psb",
						"dest_folder": "pay/business",
						"partition_column": "date_raw_load_file,periode",
						"layer": "curated",
						"group": "business",
						"file_extension": "csv",
						"file_separator": ";"
					},
					{
						"pipeline": "montant_lti",
						"databricks_name": "pip_load_curated_montant_lti",
						"process_runid": "1",
						"source_folder": "business/montant_lti",
						"dest_folder": "pay/business",
						"partition_column": "date_raw_load_file,periode",
						"layer": "curated",
						"group": "business",
						"file_extension": "csv",
						"file_separator": ";"
					},
					{
						"pipeline": "montant_prime_objectif_theorique",
						"databricks_name": "pip_load_curated_montant_prime_objectif_theorique",
						"process_runid": "1",
						"source_folder": "business/montant_prime_objectif_theorique",
						"dest_folder": "pay/business",
						"partition_column": "date_raw_load_file,periode",
						"layer": "curated",
						"group": "business",
						"file_extension": "csv",
						"file_separator": ";"
					},
					{
						"pipeline": "organisation_chanel_italie",
						"databricks_name": "pip_load_curated_organisation_chanel_italie",
						"process_runid": "1",
						"source_folder": "business/organisation_chanel_italie",
						"dest_folder": "organization/business",
						"partition_column": "date_raw_load_file",
						"layer": "curated",
						"group": "business",
						"file_extension": "csv",
						"file_separator": ";"
					},
					{
						"pipeline": "percol_peb_ccb",
						"databricks_name": "pip_load_curated_percol_peb_ccb",
						"process_runid": "1",
						"source_folder": "business/percol_peb_ccb",
						"dest_folder": "pay/business",
						"partition_column": "date_raw_load_file,periode",
						"layer": "curated",
						"group": "business",
						"file_extension": "csv",
						"file_separator": ";"
					},
					{
						"pipeline": "politique_voiture_mobilite",
						"databricks_name": "pip_load_curated_politique_voiture_mobilite",
						"process_runid": "1",
						"source_folder": "business/politique_voiture_mobilite",
						"dest_folder": "pay/business",
						"partition_column": "date_raw_load_file,periode",
						"layer": "curated",
						"group": "business",
						"file_extension": "csv",
						"file_separator": ";"
					},
					{
						"pipeline": "referentiel_absences",
						"databricks_name": "pip_load_curated_referentiel_absences",
						"process_runid": "1",
						"source_folder": "business/referentiel_absences",
						"dest_folder": "absenteism/business",
						"partition_column": "date_raw_load_file",
						"layer": "curated",
						"group": "business",
						"file_extension": "csv",
						"file_separator": ";"
					},
					{
						"pipeline": "rubriques_paie",
						"databricks_name": "pip_load_curated_rubriques_paie",
						"process_runid": "1",
						"source_folder": "business/rubriques_paie",
						"dest_folder": "pay/business",
						"partition_column": "date_raw_load_file",
						"layer": "curated",
						"group": "business",
						"file_extension": "csv",
						"file_separator": ";"
					},
					{
						"pipeline": "hierarchy_pb",
						"databricks_name": "pip_load_curated_hierarchy_pb",
						"process_runid": "1",
						"source_folder": "business/hierarchy_pb",
						"dest_folder": "organization/business",
						"partition_column": "date_raw_load_file",
						"layer": "curated",
						"group": "business",
						"file_extension": "csv",
						"file_separator": ";"
					},
					{
						"pipeline": "absprev",
						"databricks_name": "pip_load_curated_absprev",
						"process_runid": "1",
						"source_folder": "gestor/absprev",
						"dest_folder": "absenteism/gestor",
						"partition_column": "date_raw_load_file,version",
						"layer": "curated",
						"group": "gestor",
						"file_extension": "csv",
						"file_separator": ";"
					},
					{
						"pipeline": "codeevt",
						"databricks_name": "pip_load_curated_codeevt",
						"process_runid": "1",
						"source_folder": "gestor/codeevt",
						"dest_folder": "absenteism/gestor",
						"partition_column": "date_raw_load_file",
						"layer": "curated",
						"group": "gestor",
						"file_extension": "csv",
						"file_separator": ";"
					},
					{
						"pipeline": "compteurj",
						"databricks_name": "pip_load_curated_compteurj",
						"process_runid": "1",
						"source_folder": "gestor/compteurj",
						"dest_folder": "absenteism/gestor",
						"partition_column": "date_raw_load_file",
						"layer": "curated",
						"group": "gestor",
						"file_extension": "csv",
						"file_separator": ";"
					},
					{
						"pipeline": "compteurs",
						"databricks_name": "pip_load_curated_compteurs",
						"process_runid": "1",
						"source_folder": "gestor/compteurs",
						"dest_folder": "absenteism/gestor",
						"partition_column": "date_raw_load_file",
						"layer": "curated",
						"group": "gestor",
						"file_extension": "csv",
						"file_separator": ";"
					},
					{
						"pipeline": "detchamps",
						"databricks_name": "pip_load_curated_detchamps",
						"process_runid": "1",
						"source_folder": "gestor/detchamps",
						"dest_folder": "absenteism/gestor",
						"partition_column": "date_raw_load_file",
						"layer": "curated",
						"group": "gestor",
						"file_extension": "csv",
						"file_separator": ";"
					},
					{
						"pipeline": "indicateurs",
						"databricks_name": "pip_load_curated_indicateurs",
						"process_runid": "1",
						"source_folder": "gestor/indicateurs",
						"dest_folder": "absenteism/gestor",
						"partition_column": "date_raw_load_file",
						"layer": "curated",
						"group": "gestor",
						"file_extension": "csv",
						"file_separator": ";"
					},
					{
						"pipeline": "perso_droit",
						"databricks_name": "pip_load_curated_perso_droit",
						"process_runid": "1",
						"source_folder": "gestor/perso_droit",
						"dest_folder": "absenteism/gestor",
						"partition_column": "date_raw_load_file",
						"layer": "curated",
						"group": "gestor",
						"file_extension": "csv",
						"file_separator": ";"
					},
					{
						"pipeline": "perso_droitj",
						"databricks_name": "pip_load_curated_perso_droitj",
						"process_runid": "1",
						"source_folder": "gestor/perso_droitj",
						"dest_folder": "absenteism/gestor",
						"partition_column": "date_raw_load_file",
						"layer": "curated",
						"group": "gestor",
						"file_extension": "csv",
						"file_separator": ";"
					},
					{
						"pipeline": "hra_carriere",
						"databricks_name": "pip_load_curated_hra_carriere",
						"process_runid": "1",
						"source_folder": "hra/hra_carriere",
						"dest_folder": "employee/hra",
						"partition_column": "date_raw_load_file",
						"layer": "curated",
						"group": "hra",
						"file_extension": "csv",
						"file_separator": ";"
					},
					{
						"pipeline": "hra_centrecout",
						"databricks_name": "pip_load_curated_hra_centrecout",
						"process_runid": "1",
						"source_folder": "hra/hra_centrecout",
						"dest_folder": "organization/hra",
						"partition_column": "date_raw_load_file",
						"layer": "curated",
						"group": "hra",
						"file_extension": "csv",
						"file_separator": ";"
					},
					{
						"pipeline": "hra_cet",
						"databricks_name": "pip_load_curated_hra_cet",
						"process_runid": "1",
						"source_folder": "hra/hra_cet",
						"dest_folder": "employee/hra",
						"partition_column": "date_raw_load_file",
						"layer": "curated",
						"group": "hra",
						"file_extension": "csv",
						"file_separator": ";"
					},
					{
						"pipeline": "hra_contrat",
						"databricks_name": "pip_load_curated_hra_contrat",
						"process_runid": "1",
						"source_folder": "hra/hra_contrat",
						"dest_folder": "employee/hra",
						"partition_column": "date_raw_load_file",
						"layer": "curated",
						"group": "hra",
						"file_extension": "csv",
						"file_separator": ";"
					},
					{
						"pipeline": "hra_emploi",
						"databricks_name": "pip_load_curated_hra_emploi",
						"process_runid": "1",
						"source_folder": "hra/hra_emploi",
						"dest_folder": "employee/hra",
						"partition_column": "date_raw_load_file",
						"layer": "curated",
						"group": "hra",
						"file_extension": "csv",
						"file_separator": ";"
					},
					{
						"pipeline": "hra_enfants",
						"databricks_name": "pip_load_curated_hra_enfants",
						"process_runid": "1",
						"source_folder": "hra/hra_enfants",
						"dest_folder": "employee/hra",
						"partition_column": "date_raw_load_file",
						"layer": "curated",
						"group": "hra",
						"file_extension": "csv",
						"file_separator": ";"
					},
					{
						"pipeline": "hra_etp",
						"databricks_name": "pip_load_curated_hra_etp",
						"process_runid": "1",
						"source_folder": "hra/hra_etp",
						"dest_folder": "employee/hra",
						"partition_column": "date_raw_load_file",
						"layer": "curated",
						"group": "hra",
						"file_extension": "csv",
						"file_separator": ";"
					},
					{
						"pipeline": "hra_natio_sec",
						"databricks_name": "pip_load_curated_hra_natio_sec",
						"process_runid": "1",
						"source_folder": "hra/hra_natio_sec",
						"dest_folder": "employee/hra",
						"partition_column": "date_raw_load_file",
						"layer": "curated",
						"group": "hra",
						"file_extension": "csv",
						"file_separator": ";"
					},
					{
						"pipeline": "hra_paie",
						"databricks_name": "pip_load_curated_hra_paie",
						"process_runid": "1",
						"source_folder": "hra/hra_paie",
						"dest_folder": "pay/hra",
						"partition_column": "date_raw_load_file,period_paie",
						"layer": "curated",
						"group": "hra",
						"file_extension": "csv",
						"file_separator": ";"
					},
					{
						"pipeline": "hra_rubr_paie",
						"databricks_name": "pip_load_curated_hra_rubr_paie",
						"process_runid": "1",
						"source_folder": "hra/hra_rubr_paie",
						"dest_folder": "pay/hra",
						"partition_column": "date_raw_load_file",
						"layer": "curated",
						"group": "hra",
						"file_extension": "csv",
						"file_separator": ";"
					},
					{
						"pipeline": "hra_salaire",
						"databricks_name": "pip_load_curated_hra_salaire",
						"process_runid": "1",
						"source_folder": "hra/hra_salaire",
						"dest_folder": "employee/hra",
						"partition_column": "date_raw_load_file",
						"layer": "curated",
						"group": "hra",
						"file_extension": "csv",
						"file_separator": ";"
					},
					{
						"pipeline": "hra_salaries",
						"databricks_name": "pip_load_curated_hra_salaries",
						"process_runid": "1",
						"source_folder": "hra/hra_salaries",
						"dest_folder": "employee/hra",
						"partition_column": "date_raw_load_file",
						"layer": "curated",
						"group": "hra",
						"file_extension": "csv",
						"file_separator": ";"
					},
					{
						"pipeline": "hra_suspension",
						"databricks_name": "pip_load_curated_hra_suspension",
						"process_runid": "1",
						"source_folder": "hra/hra_suspension",
						"dest_folder": "employee/hra",
						"partition_column": "date_raw_load_file",
						"layer": "curated",
						"group": "hra",
						"file_extension": "csv",
						"file_separator": ";"
					},
					{
						"pipeline": "hra_tempstravail",
						"databricks_name": "pip_load_curated_hra_tempstravail",
						"process_runid": "1",
						"source_folder": "hra/hra_tempstravail",
						"dest_folder": "employee/hra",
						"partition_column": "date_raw_load_file",
						"layer": "curated",
						"group": "hra",
						"file_extension": "csv",
						"file_separator": ";"
					},
					{
						"pipeline": "hra_typeheure",
						"databricks_name": "pip_load_curated_hra_typeheure",
						"process_runid": "1",
						"source_folder": "hra/hra_typeheure",
						"dest_folder": "employee/hra",
						"partition_column": "date_raw_load_file",
						"layer": "curated",
						"group": "hra",
						"file_extension": "csv",
						"file_separator": ";"
					},
					{
						"pipeline": "hra_typeheure",
						"databricks_name": "pip_load_curated_hra_typeheure",
						"process_runid": "1",
						"source_folder": "hra/hra_type_heure",
						"dest_folder": "employee/hra",
						"partition_column": "date_raw_load_file",
						"layer": "curated",
						"group": "hra",
						"file_extension": "csv",
						"file_separator": ";"
					},
					{
						"pipeline": "hra_ref_centrecout",
						"databricks_name": "pip_load_curated_hra_ref_centrecout",
						"process_runid": "1",
						"source_folder": "hra/hra_ref_centrecout",
						"dest_folder": "organization/hra",
						"partition_column": "date_raw_load_file",
						"layer": "curated",
						"group": "hra",
						"file_extension": "csv",
						"file_separator": ";"
					},
					{
						"pipeline": "pa_histograde",
						"databricks_name": "pip_load_curated_pa_histograde",
						"process_runid": "1",
						"source_folder": "pa/pa_histograde",
						"dest_folder": "employee/pa",
						"partition_column": "date_raw_load_file",
						"layer": "curated",
						"group": "pa",
						"file_extension": "csv",
						"file_separator": ";"
					},
					{
						"pipeline": "sap_cc",
						"databricks_name": "pip_load_curated_sap_cc",
						"process_runid": "1",
						"source_folder": "sap/sap_cc",
						"dest_folder": "organization/sap",
						"partition_column": "date_raw_load_file",
						"layer": "curated",
						"group": "sap",
						"file_extension": "csv",
						"file_separator": ";"
					},
					{
						"pipeline": "sap_nature_comptables",
						"databricks_name": "pip_load_curated_sap_natures_comptables",
						"process_runid": "1",
						"source_folder": "sap/sap_natures_comptables",
						"dest_folder": "pay/sap",
						"partition_column": "date_raw_load_file,year,month",
						"layer": "curated",
						"group": "sap",
						"file_extension": "csv",
						"file_separator": ";"
					},
					{
						"pipeline": "get_workers",
						"databricks_name": "pip_load_curated_get_workers",
						"process_runid": "1",
						"source_folder": "workday/get_workers",
						"dest_folder": "employee/workday",
						"partition_column": "date_raw_load_file",
						"layer": "curated",
						"group": "workday",
						"file_extension": "csv",
						"file_separator": ";"
					},
					{
						"pipeline": "histo_grade",
						"databricks_name": "pip_load_curated_histo_grade",
						"process_runid": "1",
						"source_folder": "workday/histo_grade",
						"dest_folder": "employee/workday",
						"partition_column": "date_raw_load_file",
						"layer": "curated",
						"group": "workday",
						"file_extension": "csv",
						"file_separator": ";"
					},
					{
						"pipeline": "histo_job_profile",
						"databricks_name": "pip_load_curated_histo_job_profile",
						"process_runid": "1",
						"source_folder": "workday/histo_job_profile",
						"dest_folder": "employee/workday",
						"partition_column": "date_raw_load_file",
						"layer": "curated",
						"group": "workday",
						"file_extension": "csv",
						"file_separator": ";"
					},
					{
						"pipeline": "histo_job_site",
						"databricks_name": "pip_load_curated_histo_site",
						"process_runid": "1",
						"source_folder": "workday/histo_site",
						"dest_folder": "employee/workday",
						"partition_column": "date_raw_load_file",
						"layer": "curated",
						"group": "workday",
						"file_extension": "csv",
						"file_separator": ";"
					},
					{
						"pipeline": "histo_management_level",
						"databricks_name": "pip_load_curated_histo_management_level",
						"process_runid": "1",
						"source_folder": "workday/histo_management_level",
						"dest_folder": "employee/workday",
						"partition_column": "date_raw_load_file",
						"layer": "curated",
						"group": "workday",
						"file_extension": "csv",
						"file_separator": ";"
					},
					{
						"pipeline": "get_candidates",
						"databricks_name": "pip_load_curated_get_candidates",
						"process_runid": "1",
						"source_folder": "workday/get_candidates",
						"dest_folder": "recruitment/workday",
						"partition_column": "date_raw_load_file",
						"layer": "curated",
						"group": "workday",
						"file_extension": "csv",
						"file_separator": ";"
					},
					{
						"pipeline": "get_jobpostings",
						"databricks_name": "pip_load_curated_get_jobpostings",
						"process_runid": "1",
						"source_folder": "workday/get_jobpostings",
						"dest_folder": "recruitment/workday",
						"partition_column": "date_raw_load_file",
						"layer": "curated",
						"group": "workday",
						"file_extension": "csv",
						"file_separator": ";"
					},
					{
						"pipeline": "get_jobrequisitions",
						"databricks_name": "pip_load_curated_get_jobrequisitions",
						"process_runid": "1",
						"source_folder": "workday/get_jobrequisitions",
						"dest_folder": "recruitment/workday",
						"partition_column": "date_raw_load_file",
						"layer": "curated",
						"group": "workday",
						"file_extension": "csv",
						"file_separator": ";"
					},
					{
						"pipeline": "get_positions",
						"databricks_name": "pip_load_curated_get_positions",
						"process_runid": "1",
						"source_folder": "workday/get_positions",
						"dest_folder": "recruitment/workday",
						"partition_column": "date_raw_load_file",
						"layer": "curated",
						"group": "workday",
						"file_extension": "csv",
						"file_separator": ";"
					},
					{
						"pipeline": "adp_carriere",
						"databricks_name": "pip_load_curated_adp_carriere",
						"process_runid": "1",
						"source_folder": "adp/adp_carriere",
						"dest_folder": "employee/adp",
						"partition_column": "date_raw_load_file",
						"layer": "curated",
						"group": "adp",
						"file_extension": "csv",
						"file_separator": ";"
					},
					{
						"pipeline": "adp_centrecout",
						"databricks_name": "pip_load_curated_adp_centrecout",
						"process_runid": "1",
						"source_folder": "adp/adp_centrecout",
						"dest_folder": "organization/adp",
						"partition_column": "date_raw_load_file",
						"layer": "curated",
						"group": "adp",
						"file_extension": "csv",
						"file_separator": ";"
					},
					{
						"pipeline": "adp_contrat",
						"databricks_name": "pip_load_curated_adp_contrat",
						"process_runid": "1",
						"source_folder": "adp/adp_contrat",
						"dest_folder": "employee/adp",
						"partition_column": "date_raw_load_file",
						"layer": "curated",
						"group": "adp",
						"file_extension": "csv",
						"file_separator": ";"
					},
					{
						"pipeline": "adp_enfants",
						"databricks_name": "pip_load_curated_adp_enfants",
						"process_runid": "1",
						"source_folder": "adp/adp_enfants",
						"dest_folder": "employee/adp",
						"partition_column": "date_raw_load_file",
						"layer": "curated",
						"group": "adp",
						"file_extension": "csv",
						"file_separator": ";"
					},
					{
						"pipeline": "adp_natio_sec",
						"databricks_name": "pip_load_curated_adp_natio_sec",
						"process_runid": "1",
						"source_folder": "adp/adp_natio_sec",
						"dest_folder": "employee/adp",
						"partition_column": "date_raw_load_file",
						"layer": "curated",
						"group": "adp",
						"file_extension": "csv",
						"file_separator": ";"
					},
					{
						"pipeline": "adp_ref_centre_cout",
						"databricks_name": "pip_load_curated_adp_ref_centre_cout",
						"process_runid": "1",
						"source_folder": "adp/adp_ref_centre_cout",
						"dest_folder": "organization/adp",
						"partition_column": "date_raw_load_file",
						"layer": "curated",
						"group": "adp",
						"file_extension": "csv",
						"file_separator": ";"
					},
					{
						"pipeline": "adp_ref_salaire",
						"databricks_name": "pip_load_curated_adp_ref_salaire",
						"process_runid": "1",
						"source_folder": "adp/adp_salaire",
						"dest_folder": "employee/adp",
						"partition_column": "date_raw_load_file",
						"layer": "curated",
						"group": "adp",
						"file_extension": "csv",
						"file_separator": ";"
					},
					{
						"pipeline": "adp_ref_salaries",
						"databricks_name": "pip_load_curated_adp_salaries",
						"process_runid": "1",
						"source_folder": "adp/adp_salaries",
						"dest_folder": "employee/adp",
						"partition_column": "date_raw_load_file",
						"layer": "curated",
						"group": "adp",
						"file_extension": "csv",
						"file_separator": ";"
					},
					{
						"pipeline": "adp_ref_suspension",
						"databricks_name": "pip_load_curated_adp_suspension",
						"process_runid": "1",
						"source_folder": "adp/adp_suspension",
						"dest_folder": "employee/adp",
						"partition_column": "date_raw_load_file",
						"layer": "curated",
						"group": "adp",
						"file_extension": "csv",
						"file_separator": ";"
					},
					{
						"pipeline": "adp_tempstravail",
						"databricks_name": "pip_load_curated_adp_tempstravail",
						"process_runid": "1",
						"source_folder": "adp/adp_tempstravail",
						"dest_folder": "employee/adp",
						"partition_column": "date_raw_load_file",
						"layer": "curated",
						"group": "adp",
						"file_extension": "csv",
						"file_separator": ";"
					},
					{
						"pipeline": "adp_emploi",
						"databricks_name": "pip_load_curated_adp_emploi",
						"process_runid": "1",
						"source_folder": "adp/adp_emploi",
						"dest_folder": "employee/adp",
						"partition_column": "date_raw_load_file",
						"layer": "curated",
						"group": "adp",
						"file_extension": "csv",
						"file_separator": ";"
					},
					{
						"pipeline": "adp_paie",
						"databricks_name": "pip_load_curated_adp_paie",
						"process_runid": "1",
						"source_folder": "adp/adp_paie",
						"dest_folder": "pay/adp",
						"partition_column": "date_raw_load_file,period_paie",
						"layer": "curated",
						"group": "adp",
						"file_extension": "csv",
						"file_separator": ";"
					},
					{
						"pipeline": "adp_rubr_paie",
						"databricks_name": "pip_load_curated_adp_rubr_paie",
						"process_runid": "1",
						"source_folder": "adp/adp_rubr_paie",
						"dest_folder": "pay/adp",
						"partition_column": "date_raw_load_file",
						"layer": "curated",
						"group": "adp",
						"file_extension": "csv",
						"file_separator": ";"
					},
					{
						"pipeline": "formation",
						"databricks_name": "pip_load_curated_formation",
						"process_runid": "1",
						"source_folder": "cornerstone/cornerstone_formation",
						"dest_folder": "training/cornerstone",
						"partition_column": "date_raw_load_file",
						"layer": "curated",
						"group": "cornerstone",
						"file_extension": "csv",
						"file_separator": ","
					},
					{
						"pipeline": "evaluation",
						"databricks_name": "pip_load_curated_evaluation",
						"process_runid": "1",
						"source_folder": "cornerstone/cornerstone_evaluation_formation",
						"dest_folder": "training/cornerstone",
						"partition_column": "date_raw_load_file",
						"layer": "curated",
						"group": "cornerstone",
						"file_extension": "csv",
						"file_separator": ","
					}
				]
			},
			"parent_pipeline_runid": {
				"type": "string",
				"defaultValue": "1"
			}
		},
		"folder": {
			"name": "01-curated"
		},
		"annotations": [],
		"lastPublishTime": "2021-09-15T07:16:28Z"
	},
	"type": "Microsoft.DataFactory/factories/pipelines"
}