{
	"name": "pip_load_di",
	"properties": {
		"activities": [
			{
				"name": "exec_pip_process_cube",
				"type": "ExecutePipeline",
				"dependsOn": [
					{
						"activity": "exec_pip_load_dmt_facts",
						"dependencyConditions": [
							"Succeeded"
						]
					}
				],
				"userProperties": [],
				"typeProperties": {
					"pipeline": {
						"referenceName": "pip_process_cube",
						"type": "PipelineReference"
					},
					"waitOnCompletion": true,
					"parameters": {
						"parent_pipeline_runid": {
							"value": "@activity('exec_pip_load_dmt_facts').output.PipelineRunId",
							"type": "Expression"
						}
					}
				}
			},
			{
				"name": "exec_pip_load_start_cluster",
				"type": "ExecutePipeline",
				"dependsOn": [
					{
						"activity": "sp_start_load_di",
						"dependencyConditions": [
							"Succeeded"
						]
					}
				],
				"userProperties": [],
				"typeProperties": {
					"pipeline": {
						"referenceName": "pip_load_start_cluster",
						"type": "PipelineReference"
					},
					"waitOnCompletion": true,
					"parameters": {
						"parent_pipeline_runid": {
							"value": "@pipeline().RunId",
							"type": "Expression"
						}
					}
				}
			},
			{
				"name": "sp_start_load_di",
				"type": "SqlServerStoredProcedure",
				"dependsOn": [],
				"policy": {
					"timeout": "7.00:00:00",
					"retry": 0,
					"retryIntervalInSeconds": 30,
					"secureOutput": false,
					"secureInput": false
				},
				"userProperties": [],
				"typeProperties": {
					"storedProcedureName": "[monitoring].[usp_add_execution_logs]",
					"storedProcedureParameters": {
						"event_date_time": {
							"value": {
								"value": "@utcnow()",
								"type": "Expression"
							},
							"type": "DateTime"
						},
						"execution_environment": {
							"value": {
								"value": "@pipeline().DataFactory",
								"type": "Expression"
							},
							"type": "String"
						},
						"pipeline_name": {
							"value": {
								"value": "@pipeline().Pipeline",
								"type": "Expression"
							},
							"type": "String"
						},
						"process_runid": {
							"value": {
								"value": "@pipeline().RunId",
								"type": "Expression"
							},
							"type": "String"
						},
						"status": {
							"value": "start",
							"type": "String"
						},
						"layer": {
							"value": "all_daily",
							"type": "String"
						},
						"functional_domain": {
							"value": "all_daily",
							"type": "String"
						},
						"parent_process_runid": {
							"value": " ",
							"type": "String"
						}
					}
				},
				"linkedServiceName": {
					"referenceName": "lkservdbmonitoring",
					"type": "LinkedServiceReference"
				}
			},
			{
				"name": "sp_end_load_di",
				"type": "SqlServerStoredProcedure",
				"dependsOn": [
					{
						"activity": "exec_pip_process_cube",
						"dependencyConditions": [
							"Succeeded"
						]
					}
				],
				"policy": {
					"timeout": "7.00:00:00",
					"retry": 0,
					"retryIntervalInSeconds": 30,
					"secureOutput": false,
					"secureInput": false
				},
				"userProperties": [],
				"typeProperties": {
					"storedProcedureName": "[monitoring].[usp_update_execution_logs]",
					"storedProcedureParameters": {
						"pipeline_name": {
							"value": {
								"value": "@pipeline().Pipeline",
								"type": "Expression"
							},
							"type": "String"
						},
						"process_runid": {
							"value": {
								"value": "@pipeline().RunId",
								"type": "Expression"
							},
							"type": "String"
						},
						"status": {
							"value": "succeeded",
							"type": "String"
						},
						"return_value": {
							"value": {
								"value": "\"message: fin chargement\"",
								"type": "Expression"
							},
							"type": "String"
						},
						"log_error": {
							"value": "",
							"type": "String"
						}
					}
				},
				"linkedServiceName": {
					"referenceName": "lkservdbmonitoring",
					"type": "LinkedServiceReference"
				}
			},
			{
				"name": "sp_error_load_di",
				"type": "SqlServerStoredProcedure",
				"dependsOn": [
					{
						"activity": "exec_pip_process_cube",
						"dependencyConditions": [
							"Failed"
						]
					}
				],
				"policy": {
					"timeout": "7.00:00:00",
					"retry": 0,
					"retryIntervalInSeconds": 30,
					"secureOutput": false,
					"secureInput": false
				},
				"userProperties": [],
				"typeProperties": {
					"storedProcedureName": "[monitoring].[usp_update_execution_logs]",
					"storedProcedureParameters": {
						"pipeline_name": {
							"value": {
								"value": "@pipeline().Pipeline",
								"type": "Expression"
							},
							"type": "String"
						},
						"process_runid": {
							"value": {
								"value": "@pipeline().RunId",
								"type": "Expression"
							},
							"type": "String"
						},
						"status": {
							"value": "failed",
							"type": "String"
						},
						"return_value": {
							"value": "",
							"type": "String"
						},
						"log_error": {
							"value": {
								"value": "@activity('exec_pip_process_cube').output.runPageUrl",
								"type": "Expression"
							},
							"type": "String"
						}
					}
				},
				"linkedServiceName": {
					"referenceName": "lkservdbmonitoring",
					"type": "LinkedServiceReference"
				}
			},
			{
				"name": "exec_pip_load_refined",
				"type": "ExecutePipeline",
				"dependsOn": [
					{
						"activity": "exec_pip_load_curated",
						"dependencyConditions": [
							"Succeeded"
						]
					}
				],
				"userProperties": [],
				"typeProperties": {
					"pipeline": {
						"referenceName": "pip_load_refined",
						"type": "PipelineReference"
					},
					"waitOnCompletion": true,
					"parameters": {
						"parent_pipeline_runid": {
							"value": "@activity('exec_pip_load_curated').output.PipelineRunId",
							"type": "Expression"
						},
						"load_date": {
							"value": "@if(or(equals(pipeline().parameters.load_date,''),empty(pipeline().parameters.load_date)),string(formatDateTime(adddays(utcnow(),-1),'yyyy-MM-dd')),pipeline().parameters.load_date)",
							"type": "Expression"
						}
					}
				}
			},
			{
				"name": "exec_pip_load_dmt_dimensions",
				"type": "ExecutePipeline",
				"dependsOn": [
					{
						"activity": "exec_pip_load_refined",
						"dependencyConditions": [
							"Succeeded"
						]
					}
				],
				"userProperties": [],
				"typeProperties": {
					"pipeline": {
						"referenceName": "pip_load_dmt_dimensions",
						"type": "PipelineReference"
					},
					"waitOnCompletion": true,
					"parameters": {
						"parent_pipeline_runid": {
							"value": "@activity('exec_pip_load_refined').output.PipelineRunId",
							"type": "Expression"
						},
						"flux": "quotidien"
					}
				}
			},
			{
				"name": "exec_pip_load_dmt_facts",
				"type": "ExecutePipeline",
				"dependsOn": [
					{
						"activity": "exec_pip_load_dmt_dimensions",
						"dependencyConditions": [
							"Succeeded"
						]
					}
				],
				"userProperties": [],
				"typeProperties": {
					"pipeline": {
						"referenceName": "pip_load_dmt_facts",
						"type": "PipelineReference"
					},
					"waitOnCompletion": true,
					"parameters": {
						"parent_process_runid": {
							"value": "@activity('exec_pip_load_dmt_dimensions').output.PipelineRunId",
							"type": "Expression"
						},
						"start_date": {
							"value": "@if(or(equals(pipeline().parameters.load_date,''),empty(pipeline().parameters.load_date)),string(formatDateTime(adddays(utcnow(),-1),'yyyy-MM-dd')),pipeline().parameters.load_date)",
							"type": "Expression"
						}
					}
				}
			},
			{
				"name": "exec_pip_load_curated",
				"type": "ExecutePipeline",
				"dependsOn": [
					{
						"activity": "exec_pip_load_start_cluster",
						"dependencyConditions": [
							"Succeeded"
						]
					}
				],
				"userProperties": [],
				"typeProperties": {
					"pipeline": {
						"referenceName": "pip_load_curated",
						"type": "PipelineReference"
					},
					"waitOnCompletion": true,
					"parameters": {
						"parent_pipeline_runid": {
							"value": "@activity('exec_pip_load_start_cluster').output",
							"type": "Expression"
						}
					}
				}
			}
		],
		"parameters": {
			"load_date": {
				"type": "string"
			}
		},
		"annotations": [],
		"lastPublishTime": "2021-09-15T07:16:30Z"
	},
	"type": "Microsoft.DataFactory/factories/pipelines"
}