{
	"name": "pip_load_score",
	"properties": {
		"activities": [
			{
				"name": "ForEachScore",
				"type": "ForEach",
				"dependsOn": [
					{
						"activity": "exec_pip_load_start_cluster",
						"dependencyConditions": [
							"Succeeded"
						]
					}
				],
				"userProperties": [],
				"typeProperties": {
					"items": {
						"value": "@json(string(pipeline().parameters.pipeline_score_list))",
						"type": "Expression"
					},
					"isSequential": false,
					"batchCount": 10,
					"activities": [
						{
							"name": "If Condition1",
							"type": "IfCondition",
							"dependsOn": [],
							"userProperties": [],
							"typeProperties": {
								"expression": {
									"value": "@contains(item().layer,'score')",
									"type": "Expression"
								},
								"ifTrueActivities": [
									{
										"name": "pip_load_score_generic",
										"type": "ExecutePipeline",
										"dependsOn": [],
										"userProperties": [],
										"typeProperties": {
											"pipeline": {
												"referenceName": "pip_load_score_generic",
												"type": "PipelineReference"
											},
											"waitOnCompletion": true,
											"parameters": {
												"parent_pipeline_runid": {
													"value": "@pipeline()?.TriggeredByPipelineRunId",
													"type": "Expression"
												},
												"filename": {
													"value": "@item().filename",
													"type": "Expression"
												},
												"start_date": {
													"value": "@pipeline().parameters.start_date",
													"type": "Expression"
												},
												"limit_date": {
													"value": "@pipeline().parameters.limit_date",
													"type": "Expression"
												},
												"flux": {
													"value": "@pipeline().parameters.flux",
													"type": "Expression"
												}
											}
										}
									}
								]
							}
						}
					]
				}
			},
			{
				"name": "sp_start_load_score",
				"type": "SqlServerStoredProcedure",
				"dependsOn": [],
				"policy": {
					"timeout": "7.00:00:00",
					"retry": 0,
					"retryIntervalInSeconds": 30,
					"secureOutput": false,
					"secureInput": false
				},
				"userProperties": [],
				"typeProperties": {
					"storedProcedureName": "[monitoring].[usp_add_execution_logs]",
					"storedProcedureParameters": {
						"event_date_time": {
							"value": {
								"value": "@utcnow()",
								"type": "Expression"
							},
							"type": "DateTime"
						},
						"execution_environment": {
							"value": {
								"value": "@pipeline().DataFactory",
								"type": "Expression"
							},
							"type": "String"
						},
						"pipeline_name": {
							"value": {
								"value": "@pipeline().Pipeline",
								"type": "Expression"
							},
							"type": "String"
						},
						"process_runid": {
							"value": {
								"value": "@pipeline().RunId",
								"type": "Expression"
							},
							"type": "String"
						},
						"status": {
							"value": "start",
							"type": "String"
						},
						"layer": {
							"value": "curated",
							"type": "String"
						},
						"functional_domain": {
							"value": "all",
							"type": "String"
						},
						"parent_process_runid": {
							"value": {
								"value": "@pipeline().parameters.parent_pipeline_runid",
								"type": "Expression"
							},
							"type": "String"
						}
					}
				},
				"linkedServiceName": {
					"referenceName": "lkservdbmonitoring",
					"type": "LinkedServiceReference"
				}
			},
			{
				"name": "exec_pip_load_start_cluster",
				"type": "ExecutePipeline",
				"dependsOn": [
					{
						"activity": "sp_start_load_score",
						"dependencyConditions": [
							"Succeeded"
						]
					}
				],
				"userProperties": [],
				"typeProperties": {
					"pipeline": {
						"referenceName": "pip_load_start_cluster",
						"type": "PipelineReference"
					},
					"waitOnCompletion": true,
					"parameters": {
						"parent_pipeline_runid": {
							"value": "@pipeline().RunId",
							"type": "Expression"
						}
					}
				}
			},
			{
				"name": "sp_error_load_score",
				"type": "SqlServerStoredProcedure",
				"dependsOn": [
					{
						"activity": "ForEachScore",
						"dependencyConditions": [
							"Failed"
						]
					}
				],
				"policy": {
					"timeout": "7.00:00:00",
					"retry": 0,
					"retryIntervalInSeconds": 30,
					"secureOutput": false,
					"secureInput": false
				},
				"userProperties": [],
				"typeProperties": {
					"storedProcedureName": "[monitoring].[usp_update_execution_logs]",
					"storedProcedureParameters": {
						"pipeline_name": {
							"value": {
								"value": "@pipeline().Pipeline",
								"type": "Expression"
							},
							"type": "String"
						},
						"process_runid": {
							"value": {
								"value": "@pipeline().RunId",
								"type": "Expression"
							},
							"type": "String"
						},
						"status": {
							"value": "failed",
							"type": "String"
						},
						"return_value": {
							"value": "",
							"type": "String"
						},
						"log_error": {
							"value": {
								"value": "@activity('pip_load_score_generic').output.runPageUrl",
								"type": "Expression"
							},
							"type": "String"
						}
					}
				},
				"linkedServiceName": {
					"referenceName": "lkservdbmonitoring",
					"type": "LinkedServiceReference"
				}
			},
			{
				"name": "sp_end_load_score",
				"type": "SqlServerStoredProcedure",
				"dependsOn": [
					{
						"activity": "ForEachScore",
						"dependencyConditions": [
							"Succeeded"
						]
					}
				],
				"policy": {
					"timeout": "7.00:00:00",
					"retry": 0,
					"retryIntervalInSeconds": 30,
					"secureOutput": false,
					"secureInput": false
				},
				"userProperties": [],
				"typeProperties": {
					"storedProcedureName": "[monitoring].[usp_update_execution_logs]",
					"storedProcedureParameters": {
						"pipeline_name": {
							"value": {
								"value": "@pipeline().Pipeline",
								"type": "Expression"
							},
							"type": "String"
						},
						"process_runid": {
							"value": {
								"value": "@pipeline().RunId",
								"type": "Expression"
							},
							"type": "String"
						},
						"status": {
							"value": "succeeded",
							"type": "String"
						},
						"return_value": {
							"value": {
								"value": "\"message: fin chargement score\"",
								"type": "Expression"
							},
							"type": "String"
						},
						"log_error": {
							"value": "",
							"type": "String"
						}
					}
				},
				"linkedServiceName": {
					"referenceName": "lkservdbmonitoring",
					"type": "LinkedServiceReference"
				}
			}
		],
		"parameters": {
			"parent_pipeline_runid": {
				"type": "string",
				"defaultValue": "1"
			},
			"flux": {
				"type": "string",
				"defaultValue": "quotidien"
			},
			"pipeline_score_list": {
				"type": "string",
				"defaultValue": [
					{
						"filename": "cost_center_hr",
						"layer": "score"
					},
					{
						"filename": "effectif",
						"layer": "score"
					},
					{
						"filename": "employe",
						"layer": "score"
					},
					{
						"filename": "employe_retro",
						"layer": "score"
					},
					{
						"filename": "paie_retro",
						"layer": "score"
					},
					{
						"filename": "etablissement_hr",
						"layer": "score"
					},
					{
						"filename": "paie",
						"layer": "score"
					},
					{
						"filename": "rubrique_paie",
						"layer": "score"
					}
				]
			},
			"start_date": {
				"type": "string",
				"defaultValue": "2021-05-31"
			},
			"limit_date": {
				"type": "string",
				"defaultValue": "2021-01-01"
			}
		},
		"folder": {
			"name": "07-score"
		},
		"annotations": [],
		"lastPublishTime": "2021-09-15T07:16:29Z"
	},
	"type": "Microsoft.DataFactory/factories/pipelines"
}