{
	"name": "pip_load_di_histo_rdf",
	"properties": {
		"activities": [
			{
				"name": "exec_pip_load_start_cluster",
				"type": "ExecutePipeline",
				"dependsOn": [
					{
						"activity": "sp_start_load_di",
						"dependencyConditions": [
							"Succeeded"
						]
					}
				],
				"userProperties": [],
				"typeProperties": {
					"pipeline": {
						"referenceName": "pip_load_start_cluster",
						"type": "PipelineReference"
					},
					"waitOnCompletion": true,
					"parameters": {
						"parent_pipeline_runid": {
							"value": "@pipeline().RunId",
							"type": "Expression"
						}
					}
				}
			},
			{
				"name": "exec_pip_load_curated",
				"type": "ExecutePipeline",
				"dependsOn": [
					{
						"activity": "exec_pip_load_init_database",
						"dependencyConditions": [
							"Succeeded"
						]
					}
				],
				"userProperties": [],
				"typeProperties": {
					"pipeline": {
						"referenceName": "pip_load_curated",
						"type": "PipelineReference"
					},
					"waitOnCompletion": true,
					"parameters": {
						"parent_pipeline_runid": {
							"value": "@activity('exec_pip_load_init_database').output.PipelineRunId",
							"type": "Expression"
						}
					}
				}
			},
			{
				"name": "sp_start_load_di",
				"type": "SqlServerStoredProcedure",
				"dependsOn": [],
				"policy": {
					"timeout": "7.00:00:00",
					"retry": 0,
					"retryIntervalInSeconds": 30,
					"secureOutput": false,
					"secureInput": false
				},
				"userProperties": [],
				"typeProperties": {
					"storedProcedureName": "[monitoring].[usp_add_execution_logs]",
					"storedProcedureParameters": {
						"event_date_time": {
							"value": {
								"value": "@utcnow()",
								"type": "Expression"
							},
							"type": "DateTime"
						},
						"execution_environment": {
							"value": {
								"value": "@pipeline().DataFactory",
								"type": "Expression"
							},
							"type": "String"
						},
						"pipeline_name": {
							"value": {
								"value": "@pipeline().Pipeline",
								"type": "Expression"
							},
							"type": "String"
						},
						"process_runid": {
							"value": {
								"value": "@pipeline().RunId",
								"type": "Expression"
							},
							"type": "String"
						},
						"status": {
							"value": "start",
							"type": "String"
						},
						"layer": {
							"value": "all_history",
							"type": "String"
						},
						"functional_domain": {
							"value": "all_history",
							"type": "String"
						},
						"parent_process_runid": {
							"value": " ",
							"type": "String"
						}
					}
				},
				"linkedServiceName": {
					"referenceName": "lkservdbmonitoring",
					"type": "LinkedServiceReference"
				}
			},
			{
				"name": "sp_end_load_di_histo",
				"type": "SqlServerStoredProcedure",
				"dependsOn": [
					{
						"activity": "pip_load_dmt_f_stored_procedures",
						"dependencyConditions": [
							"Succeeded"
						]
					}
				],
				"policy": {
					"timeout": "7.00:00:00",
					"retry": 0,
					"retryIntervalInSeconds": 30,
					"secureOutput": false,
					"secureInput": false
				},
				"userProperties": [],
				"typeProperties": {
					"storedProcedureName": "[monitoring].[usp_update_execution_logs]",
					"storedProcedureParameters": {
						"pipeline_name": {
							"value": {
								"value": "@pipeline().Pipeline",
								"type": "Expression"
							},
							"type": "String"
						},
						"process_runid": {
							"value": {
								"value": "@pipeline().RunId",
								"type": "Expression"
							},
							"type": "String"
						},
						"status": {
							"value": "succeeded",
							"type": "String"
						},
						"return_value": {
							"value": "\"message: fin chargement\"",
							"type": "String"
						},
						"log_error": {
							"value": {
								"value": "@activity('pip_load_dmt_f_stored_procedures').output",
								"type": "Expression"
							},
							"type": "String"
						}
					}
				},
				"linkedServiceName": {
					"referenceName": "lkservdbmonitoring",
					"type": "LinkedServiceReference"
				}
			},
			{
				"name": "sp_error_load_di_histo",
				"type": "SqlServerStoredProcedure",
				"dependsOn": [
					{
						"activity": "pip_load_dmt_f_stored_procedures",
						"dependencyConditions": [
							"Failed"
						]
					}
				],
				"policy": {
					"timeout": "7.00:00:00",
					"retry": 0,
					"retryIntervalInSeconds": 30,
					"secureOutput": false,
					"secureInput": false
				},
				"userProperties": [],
				"typeProperties": {
					"storedProcedureName": "[monitoring].[usp_update_execution_logs]",
					"storedProcedureParameters": {
						"pipeline_name": {
							"value": {
								"value": "@pipeline().Pipeline",
								"type": "Expression"
							},
							"type": "String"
						},
						"process_runid": {
							"value": {
								"value": "@pipeline().RunId",
								"type": "Expression"
							},
							"type": "String"
						},
						"status": {
							"value": "failed",
							"type": "String"
						},
						"return_value": {
							"value": "",
							"type": "String"
						},
						"log_error": {
							"value": {
								"value": "@activity('exec_pip_load_dmt_f_facts').output",
								"type": "Expression"
							},
							"type": "String"
						}
					}
				},
				"linkedServiceName": {
					"referenceName": "lkservdbmonitoring",
					"type": "LinkedServiceReference"
				}
			},
			{
				"name": "exec_pip_load_refined_histo",
				"type": "ExecutePipeline",
				"dependsOn": [
					{
						"activity": "exec_pip_load_curated",
						"dependencyConditions": [
							"Succeeded"
						]
					}
				],
				"userProperties": [],
				"typeProperties": {
					"pipeline": {
						"referenceName": "pip_load_refined_histo",
						"type": "PipelineReference"
					},
					"waitOnCompletion": true,
					"parameters": {
						"parent_pipeline_runid": {
							"value": "@activity('exec_pip_load_curated').output.PipelineRunId",
							"type": "Expression"
						},
						"load_date": {
							"value": "@pipeline().parameters.load_date",
							"type": "Expression"
						},
						"limit_date": {
							"value": "@pipeline().parameters.limit_date_refined",
							"type": "Expression"
						},
						"system_source": {
							"value": "@pipeline().parameters.system_source",
							"type": "Expression"
						},
						"init_refined": {
							"value": "@pipeline().parameters.init_refined",
							"type": "Expression"
						},
						"table_name": {
							"value": "@pipeline().parameters.table_name",
							"type": "Expression"
						}
					}
				}
			},
			{
				"name": "exec_pip_load_dmt_dimensions",
				"type": "ExecutePipeline",
				"dependsOn": [
					{
						"activity": "exec_pip_load_refined_histo",
						"dependencyConditions": [
							"Succeeded"
						]
					}
				],
				"userProperties": [],
				"typeProperties": {
					"pipeline": {
						"referenceName": "pip_load_dmt_dimensions",
						"type": "PipelineReference"
					},
					"waitOnCompletion": true,
					"parameters": {
						"parent_pipeline_runid": {
							"value": "@activity('exec_pip_load_refined_histo').output.PipelineRunId",
							"type": "Expression"
						},
						"flux": "historique"
					}
				}
			},
			{
				"name": "exec_pip_load_dmt_f_facts",
				"type": "ExecutePipeline",
				"dependsOn": [
					{
						"activity": "exec_pip_load_dmt_dimensions",
						"dependencyConditions": [
							"Succeeded"
						]
					}
				],
				"userProperties": [],
				"typeProperties": {
					"pipeline": {
						"referenceName": "pip_load_dmt_facts",
						"type": "PipelineReference"
					},
					"waitOnCompletion": true,
					"parameters": {
						"parent_process_runid": {
							"value": "@activity('exec_pip_load_dmt_dimensions').output.PipelineRunId",
							"type": "Expression"
						},
						"start_date": {
							"value": "@pipeline().parameters.load_date_facts",
							"type": "Expression"
						},
						"limit_date": {
							"value": "@pipeline().parameters.limit_date_facts",
							"type": "Expression"
						},
						"flux": {
							"value": "@pipeline().parameters.flux",
							"type": "Expression"
						},
						"pipeline_list": {
							"value": "@pipeline().parameters.pipeline_list",
							"type": "Expression"
						},
						"init_table": {
							"value": "@pipeline().parameters.init_table",
							"type": "Expression"
						}
					}
				}
			},
			{
				"name": "exec_pip_load_init_database",
				"type": "ExecutePipeline",
				"dependsOn": [
					{
						"activity": "exec_pip_load_start_cluster",
						"dependencyConditions": [
							"Succeeded"
						]
					}
				],
				"userProperties": [],
				"typeProperties": {
					"pipeline": {
						"referenceName": "pip_load_init_database",
						"type": "PipelineReference"
					},
					"waitOnCompletion": true,
					"parameters": {
						"parent_pipeline_runid": {
							"value": "@activity('exec_pip_load_start_cluster').output.PipelineRunId",
							"type": "Expression"
						},
						"prm_layer": {
							"value": "@pipeline().parameters.layer",
							"type": "Expression"
						}
					}
				}
			},
			{
				"name": "pip_load_dmt_f_stored_procedures",
				"type": "ExecutePipeline",
				"dependsOn": [
					{
						"activity": "exec_pip_load_dmt_f_facts",
						"dependencyConditions": [
							"Succeeded"
						]
					}
				],
				"userProperties": [],
				"typeProperties": {
					"pipeline": {
						"referenceName": "pip_load_dmt_facts_stored_procedures",
						"type": "PipelineReference"
					},
					"waitOnCompletion": true,
					"parameters": {
						"parent_pipeline_runid": {
							"value": "@activity('exec_pip_load_dmt_f_facts').output.PipelineRunId",
							"type": "Expression"
						}
					}
				}
			}
		],
		"parameters": {
			"load_date": {
				"type": "string",
				"defaultValue": "2021-01-01"
			},
			"limit_date_refined": {
				"type": "string",
				"defaultValue": "2021-05-31"
			},
			"limit_date_facts": {
				"type": "string",
				"defaultValue": "2021-05-31"
			},
			"flux": {
				"type": "string",
				"defaultValue": "historique"
			},
			"load_date_facts": {
				"type": "string",
				"defaultValue": "2017-01-01"
			},
			"pipeline_list": {
				"type": "string",
				"defaultValue": [
					{
						"process_runid": "1",
						"level": "1",
						"domain": "staff"
					},
					{
						"process_runid": "1",
						"level": "1",
						"domain": "mobility"
					},
					{
						"process_runid": "1",
						"level": "1",
						"domain": "absence"
					},
					{
						"process_runid": "1",
						"level": "1",
						"domain": "benefits"
					},
					{
						"process_runid": "1",
						"level": "1",
						"domain": "compensation"
					},
					{
						"process_runid": "1",
						"level": "1",
						"domain": "recruitment"
					},
					{
						"process_runid": "1",
						"level": "1",
						"domain": "career"
					},
					{
						"process_runid": "1",
						"level": "1",
						"domain": "training"
					},
					{
						"process_runid": "1",
						"level": "1",
						"domain": "employee_history"
					},
					{
						"process_runid": "1",
						"level": "1",
						"domain": "pay"
					}
				]
			},
			"init_table": {
				"type": "string",
				"defaultValue": "yes"
			},
			"system_source": {
				"type": "string",
				"defaultValue": "hra"
			},
			"layer": {
				"type": "string",
				"defaultValue": "curated"
			},
			"init_refined": {
				"type": "string",
				"defaultValue": "yes"
			},
			"table_name": {
				"type": "string",
				"defaultValue": "all"
			}
		},
		"folder": {
			"name": "06-histo"
		},
		"annotations": [],
		"lastPublishTime": "2021-09-15T07:16:30Z"
	},
	"type": "Microsoft.DataFactory/factories/pipelines"
}