{
	"name": "pip_load_dmt_generalise",
	"properties": {
		"activities": [
			{
				"name": "sp_start_load_dmt_d_generalise",
				"type": "SqlServerStoredProcedure",
				"dependsOn": [],
				"policy": {
					"timeout": "7.00:00:00",
					"retry": 0,
					"retryIntervalInSeconds": 30,
					"secureOutput": false,
					"secureInput": false
				},
				"userProperties": [],
				"typeProperties": {
					"storedProcedureName": "[monitoring].[usp_add_execution_logs]",
					"storedProcedureParameters": {
						"event_date_time": {
							"value": {
								"value": "@utcnow()",
								"type": "Expression"
							},
							"type": "DateTime"
						},
						"execution_environment": {
							"value": {
								"value": "@pipeline().DataFactory",
								"type": "Expression"
							},
							"type": "String"
						},
						"pipeline_name": {
							"value": {
								"value": "@concat('pip_load_dmt_d_',pipeline().parameters.table_name)",
								"type": "Expression"
							},
							"type": "String"
						},
						"process_runid": {
							"value": {
								"value": "@pipeline().RunId",
								"type": "Expression"
							},
							"type": "String"
						},
						"status": {
							"value": "start",
							"type": "String"
						},
						"layer": {
							"value": "dmt",
							"type": "String"
						},
						"functional_domain": {
							"value": {
								"value": "@pipeline().parameters.domain",
								"type": "Expression"
							},
							"type": "String"
						},
						"parent_process_runid": {
							"value": {
								"value": "@pipeline().parameters.parent_pipeline_runid",
								"type": "Expression"
							},
							"type": "String"
						}
					}
				},
				"linkedServiceName": {
					"referenceName": "lkservdbmonitoring",
					"type": "LinkedServiceReference"
				}
			},
			{
				"name": "nbk_load_dmt_d_generalise",
				"type": "DatabricksNotebook",
				"dependsOn": [
					{
						"activity": "sp_start_load_dmt_d_generalise",
						"dependencyConditions": [
							"Succeeded"
						]
					}
				],
				"policy": {
					"timeout": "7.00:00:00",
					"retry": 0,
					"retryIntervalInSeconds": 30,
					"secureOutput": false,
					"secureInput": false
				},
				"userProperties": [],
				"typeProperties": {
					"notebookPath": {
						"value": "@concat('/DataInsights/Solution/Dimensions/load_dmt_d_',pipeline().parameters.table_name)",
						"type": "Expression"
					},
					"baseParameters": {
						"runid": {
							"value": "@pipeline().RunId",
							"type": "Expression"
						}
					}
				},
				"linkedServiceName": {
					"referenceName": "lkservdtbrckswe1",
					"type": "LinkedServiceReference",
					"parameters": {
						"dtbrcks_cluster": {
							"value": "@pipeline().globalParameters.dtbrcks_cluster",
							"type": "Expression"
						},
						"dtbrcks_wksp_url": {
							"value": "@pipeline().globalParameters.dtbrcks_wksp_url",
							"type": "Expression"
						}
					}
				}
			},
			{
				"name": "sp_end_load_dmt_d_generalise",
				"type": "SqlServerStoredProcedure",
				"dependsOn": [
					{
						"activity": "nbk_load_dmt_d_generalise",
						"dependencyConditions": [
							"Succeeded"
						]
					}
				],
				"policy": {
					"timeout": "7.00:00:00",
					"retry": 0,
					"retryIntervalInSeconds": 30,
					"secureOutput": false,
					"secureInput": false
				},
				"userProperties": [],
				"typeProperties": {
					"storedProcedureName": "[monitoring].[usp_update_execution_logs]",
					"storedProcedureParameters": {
						"pipeline_name": {
							"value": {
								"value": "@concat('pip_load_dmt_d_',pipeline().parameters.table_name)",
								"type": "Expression"
							},
							"type": "String"
						},
						"process_runid": {
							"value": {
								"value": "@pipeline().RunId",
								"type": "Expression"
							},
							"type": "String"
						},
						"status": {
							"value": "succeeded",
							"type": "String"
						},
						"return_value": {
							"value": {
								"value": "@activity('nbk_load_dmt_d_generalise').output.runOutput",
								"type": "Expression"
							},
							"type": "String"
						},
						"log_error": {
							"value": "",
							"type": "String"
						}
					}
				},
				"linkedServiceName": {
					"referenceName": "lkservdbmonitoring",
					"type": "LinkedServiceReference"
				}
			},
			{
				"name": "sp_error_load_dmt_d_generalise",
				"type": "SqlServerStoredProcedure",
				"dependsOn": [
					{
						"activity": "nbk_load_dmt_d_generalise",
						"dependencyConditions": [
							"Failed"
						]
					}
				],
				"policy": {
					"timeout": "7.00:00:00",
					"retry": 0,
					"retryIntervalInSeconds": 30,
					"secureOutput": false,
					"secureInput": false
				},
				"userProperties": [],
				"typeProperties": {
					"storedProcedureName": "[monitoring].[usp_update_execution_logs]",
					"storedProcedureParameters": {
						"pipeline_name": {
							"value": {
								"value": "@concat('pip_load_dmt_d_',pipeline().parameters.table_name)",
								"type": "Expression"
							},
							"type": "String"
						},
						"process_runid": {
							"value": {
								"value": "@pipeline().RunId",
								"type": "Expression"
							},
							"type": "String"
						},
						"status": {
							"value": "failed",
							"type": "String"
						},
						"return_value": {
							"value": "",
							"type": "String"
						},
						"log_error": {
							"value": {
								"value": "@activity('nbk_load_dmt_d_generalise').output.runPageUrl",
								"type": "Expression"
							},
							"type": "String"
						}
					}
				},
				"linkedServiceName": {
					"referenceName": "lkservdbmonitoring",
					"type": "LinkedServiceReference"
				}
			}
		],
		"parameters": {
			"parent_pipeline_runid": {
				"type": "string",
				"defaultValue": "1"
			},
			"table_name": {
				"type": "string",
				"defaultValue": "csp"
			},
			"domain": {
				"type": "string",
				"defaultValue": "staff"
			}
		},
		"folder": {
			"name": "03-dimensions"
		},
		"annotations": [],
		"lastPublishTime": "2021-04-25T16:19:59Z"
	},
	"type": "Microsoft.DataFactory/factories/pipelines"
}