{
	"name": "pip_process_cube_mk",
	"properties": {
		"activities": [
			{
				"name": "pip_process_fact",
				"type": "WebActivity",
				"dependsOn": [
					{
						"activity": "pip_process_dim",
						"dependencyConditions": [
							"Succeeded"
						]
					}
				],
				"policy": {
					"timeout": "7.00:00:00",
					"retry": 0,
					"retryIntervalInSeconds": 30,
					"secureOutput": false,
					"secureInput": false
				},
				"userProperties": [],
				"typeProperties": {
					"url": {
						"value": "@concat('https://westeurope.asazure.windows.net/servers/', pipeline().globalParameters.as_db_server,'/models/DataInsights/refreshes')",
						"type": "Expression"
					},
					"connectVia": {
						"referenceName": "SHIRadf-dif-we1-dev",
						"type": "IntegrationRuntimeReference"
					},
					"method": "POST",
					"body": {
						"Type": "Full",
						"CommitMode": "transactional",
						"MaxParallelism": 2,
						"RetryCount": 2,
						"Objects": [
							{
								"table": "1 - EFF"
							},
							{
								"table": "1 - KPIs EFFECTIFS"
							},
							{
								"table": "2 - KPIs MOUVEMENTS DU PERSONNEL"
							},
							{
								"table": "2 - MVT"
							},
							{
								"table": "3 - KPIs AVANTAGES ET REMUNERATION"
							},
							{
								"table": "3 - REM"
							},
							{
								"table": "4 - KPIs ABSENTEISME"
							},
							{
								"table": "4 - KPIs BENEFITS"
							},
							{
								"table": "4 - BENF"
							}
						]
					},
					"authentication": {
						"type": "MSI",
						"resource": "https://*.asazure.windows.net"
					}
				}
			},
			{
				"name": "sp_start_process_cube",
				"type": "SqlServerStoredProcedure",
				"dependsOn": [],
				"policy": {
					"timeout": "7.00:00:00",
					"retry": 0,
					"retryIntervalInSeconds": 30,
					"secureOutput": false,
					"secureInput": false
				},
				"userProperties": [],
				"typeProperties": {
					"storedProcedureName": "[monitoring].[usp_add_execution_logs]",
					"storedProcedureParameters": {
						"event_date_time": {
							"value": {
								"value": "@utcnow()",
								"type": "Expression"
							},
							"type": "DateTime"
						},
						"execution_environment": {
							"value": {
								"value": "@pipeline().DataFactory",
								"type": "Expression"
							},
							"type": "String"
						},
						"pipeline_name": {
							"value": {
								"value": "@pipeline().Pipeline",
								"type": "Expression"
							},
							"type": "String"
						},
						"process_runid": {
							"value": {
								"value": "@pipeline().RunId",
								"type": "Expression"
							},
							"type": "String"
						},
						"status": {
							"value": "start",
							"type": "String"
						},
						"layer": {
							"value": "cube",
							"type": "String"
						},
						"functional_domain": {
							"value": "datatInsights",
							"type": "String"
						},
						"parent_process_runid": {
							"value": {
								"value": "@pipeline().parameters.parent_pipeline_runid",
								"type": "Expression"
							},
							"type": "String"
						}
					}
				},
				"linkedServiceName": {
					"referenceName": "lkservdbmonitoring",
					"type": "LinkedServiceReference"
				}
			},
			{
				"name": "sp_end_process_cube",
				"type": "SqlServerStoredProcedure",
				"dependsOn": [
					{
						"activity": "pip_process_fact",
						"dependencyConditions": [
							"Succeeded"
						]
					}
				],
				"policy": {
					"timeout": "7.00:00:00",
					"retry": 0,
					"retryIntervalInSeconds": 30,
					"secureOutput": false,
					"secureInput": false
				},
				"userProperties": [],
				"typeProperties": {
					"storedProcedureName": "[monitoring].[usp_update_execution_logs]",
					"storedProcedureParameters": {
						"pipeline_name": {
							"value": {
								"value": "@pipeline().Pipeline",
								"type": "Expression"
							},
							"type": "String"
						},
						"process_runid": {
							"value": {
								"value": "@pipeline().RunId",
								"type": "Expression"
							},
							"type": "String"
						},
						"status": {
							"value": {
								"value": "@activity('pip_process_fact').status",
								"type": "Expression"
							},
							"type": "String"
						},
						"return_value": {
							"value": "",
							"type": "String"
						},
						"log_error": {
							"value": "",
							"type": "String"
						}
					}
				},
				"linkedServiceName": {
					"referenceName": "lkservdbmonitoring",
					"type": "LinkedServiceReference"
				}
			},
			{
				"name": "sp_error_process_fact",
				"type": "SqlServerStoredProcedure",
				"dependsOn": [
					{
						"activity": "pip_process_fact",
						"dependencyConditions": [
							"Failed"
						]
					}
				],
				"policy": {
					"timeout": "7.00:00:00",
					"retry": 0,
					"retryIntervalInSeconds": 30,
					"secureOutput": false,
					"secureInput": false
				},
				"userProperties": [],
				"typeProperties": {
					"storedProcedureName": "[monitoring].[usp_update_execution_logs]",
					"storedProcedureParameters": {
						"pipeline_name": {
							"value": {
								"value": "@pipeline().Pipeline",
								"type": "Expression"
							},
							"type": "String"
						},
						"process_runid": {
							"value": {
								"value": "@pipeline().RunId",
								"type": "Expression"
							},
							"type": "String"
						},
						"status": {
							"value": "failed",
							"type": "String"
						},
						"return_value": {
							"value": "",
							"type": "String"
						},
						"log_error": {
							"value": "",
							"type": "String"
						}
					}
				},
				"linkedServiceName": {
					"referenceName": "lkservdbmonitoring",
					"type": "LinkedServiceReference"
				}
			},
			{
				"name": "pip_process_dim",
				"type": "WebActivity",
				"dependsOn": [
					{
						"activity": "sp_start_process_cube",
						"dependencyConditions": [
							"Succeeded"
						]
					}
				],
				"policy": {
					"timeout": "7.00:00:00",
					"retry": 0,
					"retryIntervalInSeconds": 30,
					"secureOutput": false,
					"secureInput": false
				},
				"userProperties": [],
				"typeProperties": {
					"url": {
						"value": "@concat('https://westeurope.asazure.windows.net/servers/', pipeline().globalParameters.as_db_server,'/models/DataInsights/refreshes')",
						"type": "Expression"
					},
					"connectVia": {
						"referenceName": "SHIRadf-dif-we1-dev",
						"type": "IntegrationRuntimeReference"
					},
					"method": "POST",
					"body": {
						"Type": "Full",
						"CommitMode": "transactional",
						"MaxParallelism": 2,
						"RetryCount": 2,
						"Objects": [
							{
								"table": "001 - AXE COM - TEMPS"
							},
							{
								"table": "001 - AXE COM - TEMPS - DATE EFFET"
							},
							{
								"table": "002 - AXE COM - INFO SALARIE"
							},
							{
								"table": "002 - AXE COM - INFO SALARIE - HISTORIQUE"
							},
							{
								"table": "002 - AXE COM - INFO SALARIE - HISTORIQUE SALAIRE"
							},
							{
								"table": "003 - AXE COM - INFO DATES"
							},
							{
								"table": "004 - AXE COM - AGE"
							},
							{
								"table": "005 - AXE COM - ANCIENNETE CHANEL"
							},
							{
								"table": "006 - AXE COM - ANCIENNETE POSTE"
							},
							{
								"table": "007 - AXE COM - NATIONALITE"
							},
							{
								"table": "008 - AXE COM - CONTRAT"
							},
							{
								"table": "009 - AXE COM - TAUX DE TRAVAIL"
							},
							{
								"table": "010 - AXE COM - CATEGORIE SOCIO PROFESSIONNELLE"
							},
							{
								"table": "010 - AXE COM - CATEGORIE SOCIO PROFESSIONNELLE PRECEDENT"
							},
							{
								"table": "011 - AXE COM - JOB ARCHITECTURE"
							},
							{
								"table": "011 - AXE COM - JOB ARCHITECTURE PRECEDENT"
							},
							{
								"table": "012 - AXE COM - MANAGER"
							},
							{
								"table": "013 - AXE COM - ORGANISATION JURIDIQUE"
							},
							{
								"table": "013 - AXE COM - ORGANISATION JURIDIQUE PRECEDENT"
							},
							{
								"table": "013 - AXE COM - ORGANISATION JURIDIQUE SUIVANT"
							},
							{
								"table": "014 - AXE COM - ORGANISATION OPERATIONNELLE"
							},
							{
								"table": "014 - AXE COM - ORGANISATION OPERATIONNELLE PRECEDENT"
							},
							{
								"table": "014 - AXE COM - ORGANISATION OPERATIONNELLE SUIVANT"
							},
							{
								"table": "015 - AXE COM - ORGANISATION MANAGERIALE"
							},
							{
								"table": "016 - AXE COM - SITE"
							},
							{
								"table": "014 - AXE COM - HIERARCHIE SPECIFIQUE"
							},
							{
								"table": "101 - AXE EFF - SUSPENSION DE CONTRAT"
							},
							{
								"table": "102 - AXE EFF - DATES SUSPENSION DE CONTRAT"
							},
							{
								"table": "201 - AXE MDP - ENTREES"
							},
							{
								"table": "202 - AXE MDP - SORTIES"
							},
							{
								"table": "203 - AXE MDP - DATES ENTREE SORTIE"
							},
							{
								"table": "204 - AXE MDP - TYPE DE CONTRAT PRECEDENT"
							},
							{
								"table": "301 - AXE REM - RUBRIQUE DE PAIE"
							},
							{
								"table": "302 - AXE REM - TYPE D AUGMENTATION"
							},
							{
								"table": "303 - AXE REM - MOTIF D AUGMENTATION"
							},
							{
								"table": "304 - AXE REM - TYPE DE PLAN VARIABLE"
							},
							{
								"table": "305 - AXE REM - PAYOUT"
							},
							{
								"table": "306 - AXE REM - ELIGIBILITE PSB"
							},
							{
								"table": "307 - AXE AVA - PER COL"
							},
							{
								"table": "308 - AXE AVA - TELETRAVAIL"
							},
							{
								"table": "309 - AXE AVA - ACTION LOGEMENT"
							},
							{
								"table": "401 - AXE - ABSENTEISME"
							},
							{
								"table": "402 - AXE - DATE ABSENTEISME"
							},
							{
								"table": "403 - AXE - TRANCHE DUREE D ABSENCE"
							},
							{
								"table": "404 - AXE - FREQUENCE D ABSENCE"
							},
							{
								"table": "405 - AXE - ID ABSENCE"
							}
						]
					},
					"authentication": {
						"type": "MSI",
						"resource": "https://*.asazure.windows.net"
					}
				}
			},
			{
				"name": "sp_error_process_dim",
				"type": "SqlServerStoredProcedure",
				"dependsOn": [
					{
						"activity": "pip_process_dim",
						"dependencyConditions": [
							"Failed"
						]
					}
				],
				"policy": {
					"timeout": "7.00:00:00",
					"retry": 0,
					"retryIntervalInSeconds": 30,
					"secureOutput": false,
					"secureInput": false
				},
				"userProperties": [],
				"typeProperties": {
					"storedProcedureName": "[monitoring].[usp_update_execution_logs]",
					"storedProcedureParameters": {
						"pipeline_name": {
							"value": {
								"value": "@pipeline().Pipeline",
								"type": "Expression"
							},
							"type": "String"
						},
						"process_runid": {
							"value": {
								"value": "@pipeline().RunId",
								"type": "Expression"
							},
							"type": "String"
						},
						"status": {
							"value": "failed",
							"type": "String"
						},
						"return_value": {
							"value": "",
							"type": "String"
						},
						"log_error": {
							"value": "",
							"type": "String"
						}
					}
				},
				"linkedServiceName": {
					"referenceName": "lkservdbmonitoring",
					"type": "LinkedServiceReference"
				}
			}
		],
		"parameters": {
			"parent_pipeline_runid": {
				"type": "string"
			}
		},
		"folder": {
			"name": "07-score/Test"
		},
		"annotations": [],
		"lastPublishTime": "2021-02-10T19:01:43Z"
	},
	"type": "Microsoft.DataFactory/factories/pipelines"
}