{
	"name": "pip_process_cube",
	"properties": {
		"activities": [
			{
				"name": "pip_process_cube",
				"type": "WebActivity",
				"dependsOn": [
					{
						"activity": "sp_start_process_cube",
						"dependencyConditions": [
							"Succeeded"
						]
					}
				],
				"policy": {
					"timeout": "7.00:00:00",
					"retry": 0,
					"retryIntervalInSeconds": 30,
					"secureOutput": false,
					"secureInput": false
				},
				"userProperties": [],
				"typeProperties": {
					"url": {
						"value": "@concat('https://westeurope.asazure.windows.net/servers/', pipeline().globalParameters.as_db_server,'/models/DataInsights/refreshes')",
						"type": "Expression"
					},
					"connectVia": {
						"referenceName": "SHIRadf-dif-we1",
						"type": "IntegrationRuntimeReference"
					},
					"method": "POST",
					"body": {
						"Type": "Full",
						"CommitMode": "transactional",
						"MaxParallelism": 2,
						"RetryCount": 2,
						"Objects": []
					},
					"authentication": {
						"type": "MSI",
						"resource": "https://*.asazure.windows.net"
					}
				}
			},
			{
				"name": "sp_start_process_cube",
				"type": "SqlServerStoredProcedure",
				"dependsOn": [],
				"policy": {
					"timeout": "7.00:00:00",
					"retry": 0,
					"retryIntervalInSeconds": 30,
					"secureOutput": false,
					"secureInput": false
				},
				"userProperties": [],
				"typeProperties": {
					"storedProcedureName": "[monitoring].[usp_add_execution_logs]",
					"storedProcedureParameters": {
						"event_date_time": {
							"value": {
								"value": "@utcnow()",
								"type": "Expression"
							},
							"type": "DateTime"
						},
						"execution_environment": {
							"value": {
								"value": "@pipeline().DataFactory",
								"type": "Expression"
							},
							"type": "String"
						},
						"pipeline_name": {
							"value": {
								"value": "@pipeline().Pipeline",
								"type": "Expression"
							},
							"type": "String"
						},
						"process_runid": {
							"value": {
								"value": "@pipeline().RunId",
								"type": "Expression"
							},
							"type": "String"
						},
						"status": {
							"value": "start",
							"type": "String"
						},
						"layer": {
							"value": "cube",
							"type": "String"
						},
						"functional_domain": {
							"value": "datatInsights",
							"type": "String"
						},
						"parent_process_runid": {
							"value": {
								"value": "@pipeline().parameters.parent_pipeline_runid",
								"type": "Expression"
							},
							"type": "String"
						}
					}
				},
				"linkedServiceName": {
					"referenceName": "lkservdbmonitoring",
					"type": "LinkedServiceReference"
				}
			},
			{
				"name": "sp_end_process_cube",
				"type": "SqlServerStoredProcedure",
				"dependsOn": [
					{
						"activity": "pip_process_cube",
						"dependencyConditions": [
							"Succeeded"
						]
					},
					{
						"activity": "pip_process_cube_Snapshot",
						"dependencyConditions": [
							"Succeeded"
						]
					}
				],
				"policy": {
					"timeout": "7.00:00:00",
					"retry": 0,
					"retryIntervalInSeconds": 30,
					"secureOutput": false,
					"secureInput": false
				},
				"userProperties": [],
				"typeProperties": {
					"storedProcedureName": "[monitoring].[usp_update_execution_logs]",
					"storedProcedureParameters": {
						"pipeline_name": {
							"value": {
								"value": "@pipeline().Pipeline",
								"type": "Expression"
							},
							"type": "String"
						},
						"process_runid": {
							"value": {
								"value": "@pipeline().RunId",
								"type": "Expression"
							},
							"type": "String"
						},
						"status": {
							"value": {
								"value": "@activity('pip_process_cube').status",
								"type": "Expression"
							},
							"type": "String"
						},
						"return_value": {
							"value": "",
							"type": "String"
						},
						"log_error": {
							"value": "",
							"type": "String"
						}
					}
				},
				"linkedServiceName": {
					"referenceName": "lkservdbmonitoring",
					"type": "LinkedServiceReference"
				}
			},
			{
				"name": "sp_error_process_cube",
				"type": "SqlServerStoredProcedure",
				"dependsOn": [
					{
						"activity": "pip_process_cube",
						"dependencyConditions": [
							"Failed"
						]
					},
					{
						"activity": "pip_process_cube_Snapshot",
						"dependencyConditions": [
							"Failed"
						]
					}
				],
				"policy": {
					"timeout": "7.00:00:00",
					"retry": 0,
					"retryIntervalInSeconds": 30,
					"secureOutput": false,
					"secureInput": false
				},
				"userProperties": [],
				"typeProperties": {
					"storedProcedureName": "[monitoring].[usp_update_execution_logs]",
					"storedProcedureParameters": {
						"pipeline_name": {
							"value": {
								"value": "@pipeline().Pipeline",
								"type": "Expression"
							},
							"type": "String"
						},
						"process_runid": {
							"value": {
								"value": "@pipeline().RunId",
								"type": "Expression"
							},
							"type": "String"
						},
						"status": {
							"value": "failed",
							"type": "String"
						},
						"return_value": {
							"value": "",
							"type": "String"
						},
						"log_error": {
							"value": "",
							"type": "String"
						}
					}
				},
				"linkedServiceName": {
					"referenceName": "lkservdbmonitoring",
					"type": "LinkedServiceReference"
				}
			},
			{
				"name": "pip_process_cube_Snapshot",
				"type": "WebActivity",
				"dependsOn": [
					{
						"activity": "pip_process_cube",
						"dependencyConditions": [
							"Completed"
						]
					}
				],
				"policy": {
					"timeout": "7.00:00:00",
					"retry": 0,
					"retryIntervalInSeconds": 30,
					"secureOutput": false,
					"secureInput": false
				},
				"userProperties": [],
				"typeProperties": {
					"url": {
						"value": "@concat('https://westeurope.asazure.windows.net/servers/', pipeline().globalParameters.as_db_server,'/models/DataInsights_Snapshot/refreshes')",
						"type": "Expression"
					},
					"connectVia": {
						"referenceName": "SHIRadf-dif-we1",
						"type": "IntegrationRuntimeReference"
					},
					"method": "POST",
					"body": {
						"Type": "Full",
						"CommitMode": "transactional",
						"MaxParallelism": 2,
						"RetryCount": 2,
						"Objects": []
					},
					"authentication": {
						"type": "MSI",
						"resource": "https://*.asazure.windows.net"
					}
				}
			}
		],
		"parameters": {
			"parent_pipeline_runid": {
				"type": "string"
			}
		},
		"folder": {
			"name": "05-cube"
		},
		"annotations": [],
		"lastPublishTime": "2021-09-15T07:16:27Z"
	},
	"type": "Microsoft.DataFactory/factories/pipelines"
}