{
	"name": "pip_load_purge_database",
	"properties": {
		"activities": [
			{
				"name": "nbk_load_purge_database",
				"type": "DatabricksNotebook",
				"dependsOn": [
					{
						"activity": "sp_load_purge_database",
						"dependencyConditions": [
							"Succeeded"
						]
					}
				],
				"policy": {
					"timeout": "7.00:00:00",
					"retry": 0,
					"retryIntervalInSeconds": 30,
					"secureOutput": false,
					"secureInput": false
				},
				"userProperties": [],
				"typeProperties": {
					"notebookPath": "/DataInsights/Init/purge_database",
					"baseParameters": {
						"database": {
							"value": "@pipeline().parameters.prm_database",
							"type": "Expression"
						},
						"layer": {
							"value": "@pipeline().parameters.prm_layer",
							"type": "Expression"
						},
						"table": {
							"value": "@pipeline().parameters.prm_table",
							"type": "Expression"
						}
					}
				},
				"linkedServiceName": {
					"referenceName": "lkservdtbrckswe1",
					"type": "LinkedServiceReference",
					"parameters": {
						"dtbrcks_cluster": {
							"value": "@pipeline().globalParameters.dtbrcks_cluster",
							"type": "Expression"
						},
						"dtbrcks_wksp_url": {
							"value": "@pipeline().globalParameters.dtbrcks_wksp_url",
							"type": "Expression"
						}
					}
				}
			},
			{
				"name": "sp_load_purge_database",
				"type": "SqlServerStoredProcedure",
				"dependsOn": [],
				"policy": {
					"timeout": "7.00:00:00",
					"retry": 0,
					"retryIntervalInSeconds": 30,
					"secureOutput": false,
					"secureInput": false
				},
				"userProperties": [],
				"typeProperties": {
					"storedProcedureName": "[monitoring].[usp_add_execution_logs]",
					"storedProcedureParameters": {
						"event_date_time": {
							"value": {
								"value": "@utcnow()",
								"type": "Expression"
							},
							"type": "DateTime"
						},
						"execution_environment": {
							"value": {
								"value": "@pipeline().DataFactory",
								"type": "Expression"
							},
							"type": "String"
						},
						"pipeline_name": {
							"value": {
								"value": "@pipeline().Pipeline",
								"type": "Expression"
							},
							"type": "String"
						},
						"process_runid": {
							"value": {
								"value": "@pipeline().RunId",
								"type": "Expression"
							},
							"type": "String"
						},
						"status": {
							"value": "start",
							"type": "String"
						},
						"layer": {
							"value": "curated",
							"type": "String"
						},
						"functional_domain": {
							"value": "staff",
							"type": "String"
						},
						"parent_process_runid": {
							"value": {
								"value": "@pipeline().parameters.parent_pipeline_runid",
								"type": "Expression"
							},
							"type": "String"
						}
					}
				},
				"linkedServiceName": {
					"referenceName": "lkservdbmonitoring",
					"type": "LinkedServiceReference"
				}
			},
			{
				"name": "sp_end_load_purge_database",
				"type": "SqlServerStoredProcedure",
				"dependsOn": [
					{
						"activity": "nbk_load_purge_database",
						"dependencyConditions": [
							"Succeeded"
						]
					}
				],
				"policy": {
					"timeout": "7.00:00:00",
					"retry": 0,
					"retryIntervalInSeconds": 30,
					"secureOutput": false,
					"secureInput": false
				},
				"userProperties": [],
				"typeProperties": {
					"storedProcedureName": "[monitoring].[usp_update_execution_logs]",
					"storedProcedureParameters": {
						"pipeline_name": {
							"value": {
								"value": "@pipeline().Pipeline",
								"type": "Expression"
							},
							"type": "String"
						},
						"process_runid": {
							"value": {
								"value": "@pipeline().RunId",
								"type": "Expression"
							},
							"type": "String"
						},
						"status": {
							"value": "succeeded",
							"type": "String"
						},
						"return_value": {
							"value": {
								"value": "@activity('nbk_load_purge_database').output.runOutput",
								"type": "Expression"
							},
							"type": "String"
						},
						"log_error": {
							"value": "",
							"type": "String"
						}
					}
				},
				"linkedServiceName": {
					"referenceName": "lkservdbmonitoring",
					"type": "LinkedServiceReference"
				}
			},
			{
				"name": "sp_error_load_purge_database",
				"type": "SqlServerStoredProcedure",
				"dependsOn": [
					{
						"activity": "nbk_load_purge_database",
						"dependencyConditions": [
							"Failed"
						]
					}
				],
				"policy": {
					"timeout": "7.00:00:00",
					"retry": 0,
					"retryIntervalInSeconds": 30,
					"secureOutput": false,
					"secureInput": false
				},
				"userProperties": [],
				"typeProperties": {
					"storedProcedureName": "[monitoring].[usp_update_execution_logs]",
					"storedProcedureParameters": {
						"pipeline_name": {
							"value": {
								"value": "@pipeline().Pipeline",
								"type": "Expression"
							},
							"type": "String"
						},
						"process_runid": {
							"value": {
								"value": "@pipeline().RunId",
								"type": "Expression"
							},
							"type": "String"
						},
						"status": {
							"value": "failed",
							"type": "String"
						},
						"return_value": {
							"value": "",
							"type": "String"
						},
						"log_error": {
							"value": {
								"value": "@activity('nbk_load_purge_database').output.runPageUrl",
								"type": "Expression"
							},
							"type": "String"
						}
					}
				},
				"linkedServiceName": {
					"referenceName": "lkservdbmonitoring",
					"type": "LinkedServiceReference"
				}
			}
		],
		"parameters": {
			"parent_pipeline_runid": {
				"type": "string"
			},
			"prm_database": {
				"type": "string",
				"defaultValue": "all"
			},
			"prm_layer": {
				"type": "string",
				"defaultValue": "all"
			},
			"prm_table": {
				"type": "string",
				"defaultValue": "all"
			}
		},
		"folder": {
			"name": "00-init"
		},
		"annotations": [],
		"lastPublishTime": "2021-09-15T07:16:27Z"
	},
	"type": "Microsoft.DataFactory/factories/pipelines"
}