{
	"name": "pip_load_dmt_dimensions",
	"properties": {
		"activities": [
			{
				"name": "exec_pip_load_dmt_stored_procedures_pre",
				"type": "ExecutePipeline",
				"dependsOn": [
					{
						"activity": "exec_pip_load_start_cluster",
						"dependencyConditions": [
							"Succeeded"
						]
					}
				],
				"userProperties": [],
				"typeProperties": {
					"pipeline": {
						"referenceName": "pip_load_dmt_stored_procedures",
						"type": "PipelineReference"
					},
					"waitOnCompletion": true,
					"parameters": {
						"run_id": {
							"value": "@pipeline().parameters.parent_pipeline_runid",
							"type": "Expression"
						},
						"flux": {
							"value": "@pipeline().parameters.flux",
							"type": "Expression"
						},
						"load": "pre_load"
					}
				}
			},
			{
				"name": "Dependence_level1",
				"type": "ForEach",
				"dependsOn": [
					{
						"activity": "exec_pip_load_dmt_stored_procedures_pre",
						"dependencyConditions": [
							"Succeeded"
						]
					}
				],
				"userProperties": [],
				"typeProperties": {
					"items": {
						"value": "@json(string(pipeline().parameters.pipeline_list))",
						"type": "Expression"
					},
					"isSequential": false,
					"batchCount": 10,
					"activities": [
						{
							"name": "If Level1",
							"type": "IfCondition",
							"dependsOn": [],
							"userProperties": [],
							"typeProperties": {
								"expression": {
									"value": "@equals(item().level,'1')",
									"type": "Expression"
								},
								"ifTrueActivities": [
									{
										"name": "exec_pip_load_dmt_generic_level",
										"type": "ExecutePipeline",
										"dependsOn": [],
										"userProperties": [],
										"typeProperties": {
											"pipeline": {
												"referenceName": "pip_load_dmt_generic",
												"type": "PipelineReference"
											},
											"waitOnCompletion": true,
											"parameters": {
												"parent_pipeline_runid": {
													"value": "@pipeline().parameters.parent_pipeline_runid",
													"type": "Expression"
												},
												"table_name": {
													"value": "@item().table_name",
													"type": "Expression"
												},
												"domain": {
													"value": "@item().domain",
													"type": "Expression"
												}
											}
										}
									}
								]
							}
						}
					]
				}
			},
			{
				"name": "Dependence_level2",
				"type": "ForEach",
				"dependsOn": [
					{
						"activity": "Dependence_level1",
						"dependencyConditions": [
							"Succeeded"
						]
					}
				],
				"userProperties": [],
				"typeProperties": {
					"items": {
						"value": "@json(string(pipeline().parameters.pipeline_list))",
						"type": "Expression"
					},
					"isSequential": false,
					"batchCount": 5,
					"activities": [
						{
							"name": "If Level2",
							"type": "IfCondition",
							"dependsOn": [],
							"userProperties": [],
							"typeProperties": {
								"expression": {
									"value": "@equals(item().level,'2')",
									"type": "Expression"
								},
								"ifTrueActivities": [
									{
										"name": "pip_load_dmt_generic_level2",
										"type": "ExecutePipeline",
										"dependsOn": [],
										"userProperties": [],
										"typeProperties": {
											"pipeline": {
												"referenceName": "pip_load_dmt_generic",
												"type": "PipelineReference"
											},
											"waitOnCompletion": true,
											"parameters": {
												"parent_pipeline_runid": {
													"value": "@item().process_runid",
													"type": "Expression"
												},
												"table_name": {
													"value": "@item().table_name",
													"type": "Expression"
												},
												"domain": {
													"value": "@item().domain",
													"type": "Expression"
												}
											}
										}
									}
								]
							}
						}
					]
				}
			},
			{
				"name": "exec_pip_load_start_cluster",
				"type": "ExecutePipeline",
				"dependsOn": [
					{
						"activity": "sp_start_load_dimensions",
						"dependencyConditions": [
							"Succeeded"
						]
					}
				],
				"userProperties": [],
				"typeProperties": {
					"pipeline": {
						"referenceName": "pip_load_start_cluster",
						"type": "PipelineReference"
					},
					"waitOnCompletion": true,
					"parameters": {
						"parent_pipeline_runid": {
							"value": "@pipeline().RunId",
							"type": "Expression"
						}
					}
				}
			},
			{
				"name": "sp_start_load_dimensions",
				"type": "SqlServerStoredProcedure",
				"dependsOn": [],
				"policy": {
					"timeout": "7.00:00:00",
					"retry": 0,
					"retryIntervalInSeconds": 30,
					"secureOutput": false,
					"secureInput": false
				},
				"userProperties": [],
				"typeProperties": {
					"storedProcedureName": "[monitoring].[usp_add_execution_logs]",
					"storedProcedureParameters": {
						"event_date_time": {
							"value": {
								"value": "@utcnow()",
								"type": "Expression"
							},
							"type": "DateTime"
						},
						"execution_environment": {
							"value": {
								"value": "@pipeline().DataFactory",
								"type": "Expression"
							},
							"type": "String"
						},
						"pipeline_name": {
							"value": {
								"value": "@pipeline().Pipeline",
								"type": "Expression"
							},
							"type": "String"
						},
						"process_runid": {
							"value": {
								"value": "@pipeline().RunId",
								"type": "Expression"
							},
							"type": "String"
						},
						"status": {
							"value": "start",
							"type": "String"
						},
						"layer": {
							"value": "dmt",
							"type": "String"
						},
						"functional_domain": {
							"value": "all",
							"type": "String"
						},
						"parent_process_runid": {
							"value": {
								"value": "@pipeline().parameters.parent_pipeline_runid",
								"type": "Expression"
							},
							"type": "String"
						}
					}
				},
				"linkedServiceName": {
					"referenceName": "lkservdbmonitoring",
					"type": "LinkedServiceReference"
				}
			},
			{
				"name": "exec_pip_load_dmt_stored_procedures_post",
				"type": "ExecutePipeline",
				"dependsOn": [
					{
						"activity": "Dependence_level2",
						"dependencyConditions": [
							"Succeeded"
						]
					}
				],
				"userProperties": [],
				"typeProperties": {
					"pipeline": {
						"referenceName": "pip_load_dmt_stored_procedures",
						"type": "PipelineReference"
					},
					"waitOnCompletion": true,
					"parameters": {
						"run_id": {
							"value": "@pipeline().parameters.parent_pipeline_runid",
							"type": "Expression"
						},
						"flux": {
							"value": "@pipeline().parameters.flux",
							"type": "Expression"
						},
						"load": {
							"value": "post_load",
							"type": "Expression"
						}
					}
				}
			},
			{
				"name": "sp_end_load_dimensions",
				"type": "SqlServerStoredProcedure",
				"dependsOn": [
					{
						"activity": "exec_pip_load_dmt_stored_procedures_post",
						"dependencyConditions": [
							"Succeeded"
						]
					}
				],
				"policy": {
					"timeout": "7.00:00:00",
					"retry": 0,
					"retryIntervalInSeconds": 30,
					"secureOutput": false,
					"secureInput": false
				},
				"userProperties": [],
				"typeProperties": {
					"storedProcedureName": "[monitoring].[usp_update_execution_logs]",
					"storedProcedureParameters": {
						"pipeline_name": {
							"value": {
								"value": "@pipeline().Pipeline",
								"type": "Expression"
							},
							"type": "String"
						},
						"process_runid": {
							"value": {
								"value": "@pipeline().RunId",
								"type": "Expression"
							},
							"type": "String"
						},
						"status": {
							"value": "succeeded",
							"type": "String"
						},
						"return_value": {
							"value": {
								"value": "\"message: fin chargement des dimensions\"",
								"type": "Expression"
							},
							"type": "String"
						},
						"log_error": {
							"value": "",
							"type": "String"
						}
					}
				},
				"linkedServiceName": {
					"referenceName": "lkservdbmonitoring",
					"type": "LinkedServiceReference"
				}
			},
			{
				"name": "sp_error_load_dimensions",
				"type": "SqlServerStoredProcedure",
				"dependsOn": [
					{
						"activity": "exec_pip_load_dmt_stored_procedures_post",
						"dependencyConditions": [
							"Failed"
						]
					}
				],
				"policy": {
					"timeout": "7.00:00:00",
					"retry": 0,
					"retryIntervalInSeconds": 30,
					"secureOutput": false,
					"secureInput": false
				},
				"userProperties": [],
				"typeProperties": {
					"storedProcedureName": "[monitoring].[usp_update_execution_logs]",
					"storedProcedureParameters": {
						"pipeline_name": {
							"value": {
								"value": "@pipeline().Pipeline",
								"type": "Expression"
							},
							"type": "String"
						},
						"process_runid": {
							"value": {
								"value": "@pipeline().RunId",
								"type": "Expression"
							},
							"type": "String"
						},
						"status": {
							"value": "failed",
							"type": "String"
						},
						"return_value": {
							"value": "",
							"type": "String"
						},
						"log_error": {
							"value": {
								"value": "@activity('exec_pip_load_dmt_stored_procedures_post').output.runPageUrl",
								"type": "Expression"
							},
							"type": "String"
						}
					}
				},
				"linkedServiceName": {
					"referenceName": "lkservdbmonitoring",
					"type": "LinkedServiceReference"
				}
			}
		],
		"parameters": {
			"parent_pipeline_runid": {
				"type": "string"
			},
			"pipeline_list": {
				"type": "string",
				"defaultValue": [
					{
						"process_runid": "1",
						"level": "1",
						"table_name": "action_housing",
						"domain": "pay"
					},
					{
						"process_runid": "1",
						"level": "1",
						"table_name": "compensation_bonus_plan",
						"domain": "pay"
					},
					{
						"process_runid": "1",
						"level": "1",
						"table_name": "compensation_change",
						"domain": "pay"
					},
					{
						"process_runid": "1",
						"level": "1",
						"table_name": "compensation_merit_plan",
						"domain": "pay"
					},
					{
						"process_runid": "1",
						"level": "1",
						"table_name": "contract_suspension",
						"domain": "staff"
					},
					{
						"process_runid": "1",
						"level": "1",
						"table_name": "contract_suspension_dates",
						"domain": "staff"
					},
					{
						"process_runid": "1",
						"level": "1",
						"table_name": "contract_type",
						"domain": "staff"
					},
					{
						"process_runid": "1",
						"level": "1",
						"table_name": "csp",
						"domain": "staff"
					},
					{
						"process_runid": "1",
						"level": "1",
						"table_name": "employee",
						"domain": "staff"
					},
					{
						"process_runid": "1",
						"level": "2",
						"table_name": "employee_dependent",
						"domain": "staff"
					},
					{
						"process_runid": "1",
						"level": "1",
						"table_name": "homeoffice",
						"domain": "pay"
					},
					{
						"process_runid": "1",
						"level": "1",
						"table_name": "in_out_dates",
						"domain": "mobility"
					},
					{
						"process_runid": "1",
						"level": "2",
						"table_name": "info_dates",
						"domain": "staff"
					},
					{
						"process_runid": "1",
						"level": "1",
						"table_name": "job_architecture",
						"domain": "staff"
					},
					{
						"process_runid": "1",
						"level": "1",
						"table_name": "legal_organization",
						"domain": "staff"
					},
					{
						"process_runid": "1",
						"level": "1",
						"table_name": "location",
						"domain": "staff"
					},
					{
						"process_runid": "1",
						"level": "1",
						"table_name": "manager",
						"domain": "staff"
					},
					{
						"process_runid": "1",
						"level": "1",
						"table_name": "mobility_in",
						"domain": "mobility"
					},
					{
						"process_runid": "1",
						"level": "1",
						"table_name": "mobility_out",
						"domain": "mobility"
					},
					{
						"process_runid": "1",
						"level": "1",
						"table_name": "nationality",
						"domain": "staff"
					},
					{
						"process_runid": "1",
						"level": "1",
						"table_name": "operational_organization",
						"domain": "staff"
					},
					{
						"process_runid": "1",
						"level": "1",
						"table_name": "payroll",
						"domain": "pay"
					},
					{
						"process_runid": "1",
						"level": "1",
						"table_name": "range_age",
						"domain": "staff"
					},
					{
						"process_runid": "1",
						"level": "1",
						"table_name": "range_payout",
						"domain": "pay"
					},
					{
						"process_runid": "1",
						"level": "1",
						"table_name": "range_payout_detailed",
						"domain": "pay"
					},
					{
						"process_runid": "1",
						"level": "1",
						"table_name": "range_percol",
						"domain": "pay"
					},
					{
						"process_runid": "1",
						"level": "1",
						"table_name": "seniority_company",
						"domain": "staff"
					},
					{
						"process_runid": "1",
						"level": "1",
						"table_name": "seniority_position",
						"domain": "staff"
					},
					{
						"process_runid": "1",
						"level": "1",
						"table_name": "supervisory_organization",
						"domain": "staff"
					},
					{
						"process_runid": "1",
						"level": "1",
						"table_name": "worker_rate",
						"domain": "staff"
					},
					{
						"process_runid": "1",
						"level": "1",
						"table_name": "hierarchy_pb",
						"domain": "staff"
					},
					{
						"process_runid": "1",
						"level": "1",
						"table_name": "absence_frequency",
						"domain": "absence"
					},
					{
						"process_runid": "1",
						"level": "1",
						"table_name": "absence_motif",
						"domain": "absence"
					},
					{
						"process_runid": "1",
						"level": "1",
						"table_name": "absence_info_dates",
						"domain": "absence"
					},
					{
						"process_runid": "1",
						"level": "1",
						"table_name": "absence_id",
						"domain": "absence"
					},
					{
						"process_runid": "1",
						"level": "1",
						"table_name": "absence_range_duration",
						"domain": "absence"
					},
					{
						"process_runid": "1",
						"level": "1",
						"table_name": "absence_info_hours",
						"domain": "absence"
					},
					{
						"process_runid": "1",
						"level": "1",
						"table_name": "career_campaign",
						"domain": "career"
					},
					{
						"process_runid": "1",
						"level": "1",
						"table_name": "career_goal",
						"domain": "career"
					},
					{
						"process_runid": "1",
						"level": "1",
						"table_name": "career_mobility",
						"domain": "career"
					},
					{
						"process_runid": "1",
						"level": "1",
						"table_name": "career_promotion",
						"domain": "career"
					},
					{
						"process_runid": "1",
						"level": "1",
						"table_name": "career_review",
						"domain": "career"
					},
					{
						"process_runid": "1",
						"level": "1",
						"table_name": "career_review_status",
						"domain": "career"
					},
					{
						"process_runid": "1",
						"level": "1",
						"table_name": "training_status",
						"domain": "training"
					},
					{
						"process_runid": "1",
						"level": "1",
						"table_name": "training_type",
						"domain": "training"
					}
				]
			},
			"flux": {
				"type": "string",
				"defaultValue": "quotidien"
			}
		},
		"folder": {
			"name": "03-dimensions"
		},
		"annotations": [],
		"lastPublishTime": "2021-09-15T07:16:28Z"
	},
	"type": "Microsoft.DataFactory/factories/pipelines"
}