{
	"name": "pip_load_refined",
	"properties": {
		"activities": [
			{
				"name": "exec_pip_load_start_cluster",
				"type": "ExecutePipeline",
				"dependsOn": [
					{
						"activity": "sp_start_load_refined",
						"dependencyConditions": [
							"Succeeded"
						]
					}
				],
				"userProperties": [],
				"typeProperties": {
					"pipeline": {
						"referenceName": "pip_load_start_cluster",
						"type": "PipelineReference"
					},
					"waitOnCompletion": true,
					"parameters": {
						"parent_pipeline_runid": {
							"value": "@pipeline().RunId",
							"type": "Expression"
						}
					}
				}
			},
			{
				"name": "sp_start_load_refined",
				"type": "SqlServerStoredProcedure",
				"dependsOn": [],
				"policy": {
					"timeout": "7.00:00:00",
					"retry": 0,
					"retryIntervalInSeconds": 30,
					"secureOutput": false,
					"secureInput": false
				},
				"userProperties": [],
				"typeProperties": {
					"storedProcedureName": "[monitoring].[usp_add_execution_logs]",
					"storedProcedureParameters": {
						"event_date_time": {
							"value": {
								"value": "@utcnow()",
								"type": "Expression"
							},
							"type": "DateTime"
						},
						"execution_environment": {
							"value": {
								"value": "@pipeline().DataFactory",
								"type": "Expression"
							},
							"type": "String"
						},
						"pipeline_name": {
							"value": {
								"value": "@pipeline().Pipeline",
								"type": "Expression"
							},
							"type": "String"
						},
						"process_runid": {
							"value": {
								"value": "@pipeline().RunId",
								"type": "Expression"
							},
							"type": "String"
						},
						"status": {
							"value": "start",
							"type": "String"
						},
						"layer": {
							"value": "refined",
							"type": "String"
						},
						"functional_domain": {
							"value": "all",
							"type": "String"
						},
						"parent_process_runid": {
							"value": {
								"value": "@pipeline().parameters.parent_pipeline_runid",
								"type": "Expression"
							},
							"type": "String"
						}
					}
				},
				"linkedServiceName": {
					"referenceName": "lkservdbmonitoring",
					"type": "LinkedServiceReference"
				}
			},
			{
				"name": "Dependence_level1",
				"type": "ForEach",
				"dependsOn": [
					{
						"activity": "exec_pip_load_start_cluster",
						"dependencyConditions": [
							"Succeeded"
						]
					}
				],
				"userProperties": [],
				"typeProperties": {
					"items": {
						"value": "@json(string(pipeline().parameters.pipeline_list))",
						"type": "Expression"
					},
					"isSequential": false,
					"batchCount": 10,
					"activities": [
						{
							"name": "If Level 1",
							"type": "IfCondition",
							"dependsOn": [],
							"userProperties": [],
							"typeProperties": {
								"expression": {
									"value": "@equals(item().level,'1')",
									"type": "Expression"
								},
								"ifTrueActivities": [
									{
										"name": "pip_load_refined_generic_level1",
										"type": "ExecutePipeline",
										"dependsOn": [],
										"userProperties": [],
										"typeProperties": {
											"pipeline": {
												"referenceName": "pip_load_refined_generic",
												"type": "PipelineReference"
											},
											"waitOnCompletion": true,
											"parameters": {
												"parent_pipeline_runid": {
													"value": "@pipeline().parameters.parent_pipeline_runid",
													"type": "Expression"
												},
												"load_date": {
													"value": "@pipeline().parameters.load_date",
													"type": "Expression"
												},
												"group": {
													"value": "@item().group",
													"type": "Expression"
												},
												"table_name": {
													"value": "@item().table_name",
													"type": "Expression"
												},
												"limit_date": {
													"value": "@pipeline().parameters.limit_date",
													"type": "Expression"
												},
												"flux": {
													"value": "@pipeline().parameters.flux",
													"type": "Expression"
												},
												"system_source": {
													"value": "@pipeline().parameters.system_source",
													"type": "Expression"
												}
											}
										}
									}
								]
							}
						}
					]
				}
			},
			{
				"name": "sp_error_load_refined",
				"type": "SqlServerStoredProcedure",
				"dependsOn": [
					{
						"activity": "Dependence_level4",
						"dependencyConditions": [
							"Failed"
						]
					}
				],
				"policy": {
					"timeout": "7.00:00:00",
					"retry": 0,
					"retryIntervalInSeconds": 30,
					"secureOutput": false,
					"secureInput": false
				},
				"userProperties": [],
				"typeProperties": {
					"storedProcedureName": "[monitoring].[usp_update_execution_logs]",
					"storedProcedureParameters": {
						"pipeline_name": {
							"value": {
								"value": "@pipeline().Pipeline",
								"type": "Expression"
							},
							"type": "String"
						},
						"process_runid": {
							"value": {
								"value": "@pipeline().RunId",
								"type": "Expression"
							},
							"type": "String"
						},
						"status": {
							"value": "failed",
							"type": "String"
						},
						"return_value": {
							"value": "",
							"type": "String"
						},
						"log_error": {
							"value": {
								"value": "@activity('pip_load_refined_generic_level3').output.runPageUrl\n",
								"type": "Expression"
							},
							"type": "String"
						}
					}
				},
				"linkedServiceName": {
					"referenceName": "lkservdbmonitoring",
					"type": "LinkedServiceReference"
				}
			},
			{
				"name": "sp_end_load_refined",
				"type": "SqlServerStoredProcedure",
				"dependsOn": [
					{
						"activity": "Dependence_level4",
						"dependencyConditions": [
							"Succeeded"
						]
					}
				],
				"policy": {
					"timeout": "7.00:00:00",
					"retry": 0,
					"retryIntervalInSeconds": 30,
					"secureOutput": false,
					"secureInput": false
				},
				"userProperties": [],
				"typeProperties": {
					"storedProcedureName": "[monitoring].[usp_update_execution_logs]",
					"storedProcedureParameters": {
						"pipeline_name": {
							"value": {
								"value": "@pipeline().Pipeline",
								"type": "Expression"
							},
							"type": "String"
						},
						"process_runid": {
							"value": {
								"value": "@pipeline().RunId",
								"type": "Expression"
							},
							"type": "String"
						},
						"status": {
							"value": "succeeded",
							"type": "String"
						},
						"return_value": {
							"value": {
								"value": "\"message: fin chargement refined\"",
								"type": "Expression"
							},
							"type": "String"
						},
						"log_error": {
							"value": "",
							"type": "String"
						}
					}
				},
				"linkedServiceName": {
					"referenceName": "lkservdbmonitoring",
					"type": "LinkedServiceReference"
				}
			},
			{
				"name": "Dependence_level2",
				"type": "ForEach",
				"dependsOn": [
					{
						"activity": "Dependence_level1",
						"dependencyConditions": [
							"Succeeded"
						]
					}
				],
				"userProperties": [],
				"typeProperties": {
					"items": {
						"value": "@json(string(pipeline().parameters.pipeline_list))",
						"type": "Expression"
					},
					"isSequential": false,
					"batchCount": 10,
					"activities": [
						{
							"name": "If Level 2",
							"type": "IfCondition",
							"dependsOn": [],
							"userProperties": [],
							"typeProperties": {
								"expression": {
									"value": "@equals(item().level,'2')",
									"type": "Expression"
								},
								"ifTrueActivities": [
									{
										"name": "pip_load_refined_generic_level2",
										"type": "ExecutePipeline",
										"dependsOn": [],
										"userProperties": [],
										"typeProperties": {
											"pipeline": {
												"referenceName": "pip_load_refined_generic",
												"type": "PipelineReference"
											},
											"waitOnCompletion": true,
											"parameters": {
												"parent_pipeline_runid": {
													"value": "@pipeline().parameters.parent_pipeline_runid",
													"type": "Expression"
												},
												"load_date": {
													"value": "@pipeline().parameters.load_date",
													"type": "Expression"
												},
												"group": {
													"value": "@item().group",
													"type": "Expression"
												},
												"table_name": {
													"value": "@item().table_name",
													"type": "Expression"
												},
												"limit_date": {
													"value": "@pipeline().parameters.limit_date",
													"type": "Expression"
												},
												"flux": {
													"value": "@pipeline().parameters.flux",
													"type": "Expression"
												},
												"system_source": {
													"value": "@pipeline().parameters.system_source",
													"type": "Expression"
												}
											}
										}
									}
								]
							}
						}
					]
				}
			},
			{
				"name": "Dependence_level3",
				"type": "ForEach",
				"dependsOn": [
					{
						"activity": "Dependence_level2",
						"dependencyConditions": [
							"Succeeded"
						]
					}
				],
				"userProperties": [],
				"typeProperties": {
					"items": {
						"value": "@json(string(pipeline().parameters.pipeline_list))",
						"type": "Expression"
					},
					"isSequential": false,
					"batchCount": 10,
					"activities": [
						{
							"name": "If Level 3",
							"type": "IfCondition",
							"dependsOn": [],
							"userProperties": [],
							"typeProperties": {
								"expression": {
									"value": "@equals(item().level,'3')",
									"type": "Expression"
								},
								"ifTrueActivities": [
									{
										"name": "pip_load_refined_generic_level3",
										"type": "ExecutePipeline",
										"dependsOn": [],
										"userProperties": [],
										"typeProperties": {
											"pipeline": {
												"referenceName": "pip_load_refined_generic",
												"type": "PipelineReference"
											},
											"waitOnCompletion": true,
											"parameters": {
												"parent_pipeline_runid": {
													"value": "@pipeline().parameters.parent_pipeline_runid",
													"type": "Expression"
												},
												"load_date": {
													"value": "@pipeline().parameters.load_date",
													"type": "Expression"
												},
												"group": {
													"value": "@item().group",
													"type": "Expression"
												},
												"table_name": {
													"value": "@item().table_name",
													"type": "Expression"
												},
												"limit_date": {
													"value": "@pipeline().parameters.limit_date",
													"type": "Expression"
												},
												"flux": {
													"value": "@pipeline().parameters.flux",
													"type": "Expression"
												},
												"system_source": {
													"value": "@pipeline().parameters.system_source",
													"type": "Expression"
												}
											}
										}
									}
								]
							}
						}
					]
				}
			},
			{
				"name": "Dependence_level4",
				"type": "ForEach",
				"dependsOn": [
					{
						"activity": "Dependence_level3",
						"dependencyConditions": [
							"Succeeded"
						]
					}
				],
				"userProperties": [],
				"typeProperties": {
					"items": {
						"value": "@json(string(pipeline().parameters.pipeline_list))",
						"type": "Expression"
					},
					"isSequential": false,
					"batchCount": 10,
					"activities": [
						{
							"name": "If Level 4",
							"type": "IfCondition",
							"dependsOn": [],
							"userProperties": [],
							"typeProperties": {
								"expression": {
									"value": "@equals(item().level,'4')",
									"type": "Expression"
								},
								"ifTrueActivities": [
									{
										"name": "pip_load_refined_generic_level4",
										"type": "ExecutePipeline",
										"dependsOn": [],
										"userProperties": [],
										"typeProperties": {
											"pipeline": {
												"referenceName": "pip_load_refined_generic",
												"type": "PipelineReference"
											},
											"waitOnCompletion": true,
											"parameters": {
												"parent_pipeline_runid": {
													"value": "@pipeline().parameters.parent_pipeline_runid",
													"type": "Expression"
												},
												"load_date": {
													"value": "@pipeline().parameters.load_date",
													"type": "Expression"
												},
												"group": {
													"value": "@item().group",
													"type": "Expression"
												},
												"table_name": {
													"value": "@item().table_name",
													"type": "Expression"
												},
												"limit_date": {
													"value": "@pipeline().parameters.limit_date",
													"type": "Expression"
												},
												"flux": {
													"value": "@pipeline().parameters.flux",
													"type": "Expression"
												},
												"system_source": {
													"value": "@pipeline().parameters.system_source",
													"type": "Expression"
												}
											}
										}
									}
								]
							}
						}
					]
				}
			}
		],
		"parameters": {
			"parent_pipeline_runid": {
				"type": "string"
			},
			"load_date": {
				"type": "string"
			},
			"flux": {
				"type": "string",
				"defaultValue": "quotidien"
			},
			"limit_date": {
				"type": "string",
				"defaultValue": "2999-12-31"
			},
			"pipeline_list": {
				"type": "string",
				"defaultValue": [
					{
						"group": "Common",
						"table_name": "job",
						"level": "1"
					},
					{
						"group": "Common",
						"table_name": "location",
						"level": "1"
					},
					{
						"group": "Common",
						"table_name": "organization",
						"level": "1"
					},
					{
						"group": "Common",
						"table_name": "ref_organization",
						"level": "1"
					},
					{
						"group": "HR",
						"table_name": "referential_absences",
						"level": "1"
					},
					{
						"group": "HR",
						"table_name": "absenteism",
						"level": "1"
					},
					{
						"group": "HR",
						"table_name": "absenteism_consolidated",
						"level": "2"
					},
					{
						"group": "HR",
						"table_name": "payroll",
						"level": "1"
					},
					{
						"group": "HR",
						"table_name": "cet",
						"level": "1"
					},
					{
						"group": "HR",
						"table_name": "ag_establishment",
						"level": "1"
					},
					{
						"group": "HR",
						"table_name": "amount_lti",
						"level": "1"
					},
					{
						"group": "HR",
						"table_name": "car_mobility_policy",
						"level": "1"
					},
					{
						"group": "HR",
						"table_name": "theoric_target_bonus_amount",
						"level": "1"
					},
					{
						"group": "HR",
						"table_name": "percol_peb_ccb",
						"level": "1"
					},
					{
						"group": "HR",
						"table_name": "housing_action",
						"level": "1"
					},
					{
						"group": "HR",
						"table_name": "eligibility_psb",
						"level": "1"
					},
					{
						"group": "HR",
						"table_name": "pay",
						"level": "1"
					},
					{
						"group": "HR",
						"table_name": "job_application",
						"level": "1"
					},
					{
						"group": "HR",
						"table_name": "job_requisition",
						"level": "1"
					},
					{
						"group": "HR",
						"table_name": "degree",
						"level": "1"
					},
					{
						"group": "HR",
						"table_name": "career",
						"level": "1"
					},
					{
						"group": "HR",
						"table_name": "accounting_nature",
						"level": "1"
					},
					{
						"group": "HR",
						"table_name": "child",
						"level": "1"
					},
					{
						"group": "HR",
						"table_name": "training",
						"level": "1"
					},
					{
						"group": "HR",
						"table_name": "training_evaluation",
						"level": "1"
					},
					{
						"group": "HR",
						"table_name": "employee",
						"level": "1"
					},
					{
						"group": "HR",
						"table_name": "employee_hra",
						"level": "2"
					},
					{
						"group": "HR",
						"table_name": "contract_suspension",
						"level": "1"
					},
					{
						"group": "HR",
						"table_name": "contract",
						"level": "1"
					},
					{
						"group": "HR",
						"table_name": "contract_hra",
						"level": "2"
					},
					{
						"group": "HR",
						"table_name": "manual_updates",
						"level": "3"
					},
					{
						"group": "HR",
						"table_name": "contract_update",
						"level": "4"
					}
				]
			},
			"system_source": {
				"type": "string",
				"defaultValue": "hra"
			}
		},
		"folder": {
			"name": "02-refined"
		},
		"annotations": [],
		"lastPublishTime": "2021-09-15T07:16:28Z"
	},
	"type": "Microsoft.DataFactory/factories/pipelines"
}