{
	"name": "pip_load_dmt_facts",
	"properties": {
		"activities": [
			{
				"name": "exec_pip_load_start_cluster",
				"type": "ExecutePipeline",
				"dependsOn": [
					{
						"activity": "sp_start_load_facts",
						"dependencyConditions": [
							"Succeeded"
						]
					}
				],
				"userProperties": [],
				"typeProperties": {
					"pipeline": {
						"referenceName": "pip_load_start_cluster",
						"type": "PipelineReference"
					},
					"waitOnCompletion": true,
					"parameters": {
						"parent_pipeline_runid": {
							"value": "@pipeline().RunId",
							"type": "Expression"
						}
					}
				}
			},
			{
				"name": "sp_start_load_facts",
				"type": "SqlServerStoredProcedure",
				"dependsOn": [],
				"policy": {
					"timeout": "7.00:00:00",
					"retry": 0,
					"retryIntervalInSeconds": 30,
					"secureOutput": false,
					"secureInput": false
				},
				"userProperties": [],
				"typeProperties": {
					"storedProcedureName": "[monitoring].[usp_add_execution_logs]",
					"storedProcedureParameters": {
						"event_date_time": {
							"value": {
								"value": "@utcnow()",
								"type": "Expression"
							},
							"type": "DateTime"
						},
						"execution_environment": {
							"value": {
								"value": "@pipeline().DataFactory",
								"type": "Expression"
							},
							"type": "String"
						},
						"pipeline_name": {
							"value": {
								"value": "@pipeline().Pipeline",
								"type": "Expression"
							},
							"type": "String"
						},
						"process_runid": {
							"value": {
								"value": "@pipeline().RunId",
								"type": "Expression"
							},
							"type": "String"
						},
						"status": {
							"value": "start",
							"type": "String"
						},
						"layer": {
							"value": "fact",
							"type": "String"
						},
						"functional_domain": {
							"value": "all",
							"type": "String"
						},
						"parent_process_runid": {
							"value": {
								"value": "@pipeline().parameters.parent_process_runid",
								"type": "Expression"
							},
							"type": "String"
						}
					}
				},
				"linkedServiceName": {
					"referenceName": "lkservdbmonitoring",
					"type": "LinkedServiceReference"
				}
			},
			{
				"name": "exec_pip_load_dmt_f_stored_procedures",
				"type": "ExecutePipeline",
				"dependsOn": [
					{
						"activity": "ForEachFacts_3-1",
						"dependencyConditions": [
							"Succeeded"
						]
					}
				],
				"userProperties": [],
				"typeProperties": {
					"pipeline": {
						"referenceName": "pip_load_dmt_facts_stored_procedures",
						"type": "PipelineReference"
					},
					"waitOnCompletion": true,
					"parameters": {
						"parent_pipeline_runid": {
							"value": "@pipeline().parameters.parent_process_runid",
							"type": "Expression"
						},
						"load_date": {
							"value": "@pipeline().parameters.start_date",
							"type": "Expression"
						}
					}
				}
			},
			{
				"name": "sp_end_load_facts",
				"type": "SqlServerStoredProcedure",
				"dependsOn": [
					{
						"activity": "exec_pip_load_score",
						"dependencyConditions": [
							"Succeeded"
						]
					}
				],
				"policy": {
					"timeout": "7.00:00:00",
					"retry": 0,
					"retryIntervalInSeconds": 30,
					"secureOutput": false,
					"secureInput": false
				},
				"userProperties": [],
				"typeProperties": {
					"storedProcedureName": "[monitoring].[usp_update_execution_logs]",
					"storedProcedureParameters": {
						"pipeline_name": {
							"value": {
								"value": "@pipeline().Pipeline",
								"type": "Expression"
							},
							"type": "String"
						},
						"process_runid": {
							"value": {
								"value": "@pipeline().RunId",
								"type": "Expression"
							},
							"type": "String"
						},
						"status": {
							"value": "succeeded",
							"type": "String"
						},
						"return_value": {
							"value": {
								"value": "\"message: fin chargement tables de faits\"",
								"type": "Expression"
							},
							"type": "String"
						},
						"log_error": {
							"value": "",
							"type": "String"
						}
					}
				},
				"linkedServiceName": {
					"referenceName": "lkservdbmonitoring",
					"type": "LinkedServiceReference"
				}
			},
			{
				"name": "sp_error_load_facts",
				"type": "SqlServerStoredProcedure",
				"dependsOn": [
					{
						"activity": "exec_pip_load_score",
						"dependencyConditions": [
							"Failed"
						]
					}
				],
				"policy": {
					"timeout": "7.00:00:00",
					"retry": 0,
					"retryIntervalInSeconds": 30,
					"secureOutput": false,
					"secureInput": false
				},
				"userProperties": [],
				"typeProperties": {
					"storedProcedureName": "[monitoring].[usp_update_execution_logs]",
					"storedProcedureParameters": {
						"pipeline_name": {
							"value": {
								"value": "@pipeline().Pipeline",
								"type": "Expression"
							},
							"type": "String"
						},
						"process_runid": {
							"value": {
								"value": "@pipeline().RunId",
								"type": "Expression"
							},
							"type": "String"
						},
						"status": {
							"value": "failed",
							"type": "String"
						},
						"return_value": {
							"value": "",
							"type": "String"
						},
						"log_error": {
							"value": {
								"value": "@activity('exec_pip_load_score').output.runPageUrl",
								"type": "Expression"
							},
							"type": "String"
						}
					}
				},
				"linkedServiceName": {
					"referenceName": "lkservdbmonitoring",
					"type": "LinkedServiceReference"
				}
			},
			{
				"name": "exec_pip_load_score",
				"type": "ExecutePipeline",
				"dependsOn": [
					{
						"activity": "exec_pip_load_dmt_f_stored_procedures",
						"dependencyConditions": [
							"Succeeded"
						]
					}
				],
				"userProperties": [],
				"typeProperties": {
					"pipeline": {
						"referenceName": "pip_load_score",
						"type": "PipelineReference"
					},
					"waitOnCompletion": true,
					"parameters": {
						"parent_pipeline_runid": {
							"value": "@pipeline().RunId",
							"type": "Expression"
						},
						"start_date": {
							"value": "@pipeline().parameters.start_date",
							"type": "Expression"
						}
					}
				}
			},
			{
				"name": "ForEachFacts_12-9",
				"type": "ForEach",
				"dependsOn": [
					{
						"activity": "ForEachFacts_Daily_Staff",
						"dependencyConditions": [
							"Succeeded"
						]
					}
				],
				"userProperties": [],
				"typeProperties": {
					"items": {
						"value": "@json(string(pipeline().parameters.pipeline_list))",
						"type": "Expression"
					},
					"batchCount": 1,
					"activities": [
						{
							"name": "If Condition Level 1_12-9",
							"type": "IfCondition",
							"dependsOn": [],
							"userProperties": [],
							"typeProperties": {
								"expression": {
									"value": "@equals(item().level,'1')",
									"type": "Expression"
								},
								"ifTrueActivities": [
									{
										"name": "exec_pip_load_dmt_facts_generic_12-9",
										"type": "ExecutePipeline",
										"dependsOn": [],
										"userProperties": [],
										"typeProperties": {
											"pipeline": {
												"referenceName": "pip_load_dmt_facts_generic",
												"type": "PipelineReference"
											},
											"waitOnCompletion": true,
											"parameters": {
												"parent_pipeline_runid": {
													"value": "@pipeline().parameters.parent_process_runid",
													"type": "Expression"
												},
												"start_date": {
													"value": "@pipeline().parameters.start_date",
													"type": "Expression"
												},
												"domain": {
													"value": "@item().domain",
													"type": "Expression"
												},
												"limit_date": {
													"value": "@formatDateTime(subtractFromTime(pipeline().parameters.start_date,3,'Month'),'yyyy-MM-dd')",
													"type": "Expression"
												},
												"flux": {
													"value": "@pipeline().parameters.flux",
													"type": "Expression"
												},
												"historical_data_end_date": {
													"value": "@pipeline().parameters.historical_data_end_date",
													"type": "Expression"
												},
												"init_table": {
													"value": "@pipeline().parameters.init_table",
													"type": "Expression"
												},
												"limit_date_histo": {
													"value": "@pipeline().parameters.limit_date_histo",
													"type": "Expression"
												},
												"system_source": {
													"value": "@pipeline().parameters.system_source",
													"type": "Expression"
												}
											}
										}
									}
								]
							}
						}
					]
				}
			},
			{
				"name": "ForEachFacts_9-6",
				"type": "ForEach",
				"dependsOn": [
					{
						"activity": "ForEachFacts_12-9",
						"dependencyConditions": [
							"Succeeded"
						]
					}
				],
				"userProperties": [],
				"typeProperties": {
					"items": {
						"value": "@json(string(pipeline().parameters.pipeline_list))",
						"type": "Expression"
					},
					"batchCount": 1,
					"activities": [
						{
							"name": "If Condition Level 1_12-9_copy1",
							"type": "IfCondition",
							"dependsOn": [],
							"userProperties": [],
							"typeProperties": {
								"expression": {
									"value": "@equals(item().level,'1')",
									"type": "Expression"
								},
								"ifTrueActivities": [
									{
										"name": "exec_pip_load_dmt_facts_generic_9-6",
										"type": "ExecutePipeline",
										"dependsOn": [],
										"userProperties": [],
										"typeProperties": {
											"pipeline": {
												"referenceName": "pip_load_dmt_facts_generic",
												"type": "PipelineReference"
											},
											"waitOnCompletion": true,
											"parameters": {
												"parent_pipeline_runid": {
													"value": "@pipeline().parameters.parent_process_runid",
													"type": "Expression"
												},
												"start_date": {
													"value": "@formatDateTime(subtractFromTime(pipeline().parameters.start_date,3,'Month'),'yyyy-MM-dd')",
													"type": "Expression"
												},
												"domain": {
													"value": "@item().domain",
													"type": "Expression"
												},
												"limit_date": {
													"value": "@formatDateTime(subtractFromTime(pipeline().parameters.start_date,6,'Month'),'yyyy-MM-dd')",
													"type": "Expression"
												},
												"flux": {
													"value": "@pipeline().parameters.flux",
													"type": "Expression"
												},
												"historical_data_end_date": {
													"value": "@pipeline().parameters.historical_data_end_date",
													"type": "Expression"
												},
												"init_table": {
													"value": "@pipeline().parameters.init_table",
													"type": "Expression"
												},
												"limit_date_histo": {
													"value": "@pipeline().parameters.limit_date_histo",
													"type": "Expression"
												},
												"system_source": {
													"value": "@pipeline().parameters.system_source",
													"type": "Expression"
												}
											}
										}
									}
								]
							}
						}
					]
				}
			},
			{
				"name": "ForEachFacts_6-3",
				"type": "ForEach",
				"dependsOn": [
					{
						"activity": "ForEachFacts_9-6",
						"dependencyConditions": [
							"Succeeded"
						]
					}
				],
				"userProperties": [],
				"typeProperties": {
					"items": {
						"value": "@json(string(pipeline().parameters.pipeline_list))",
						"type": "Expression"
					},
					"batchCount": 1,
					"activities": [
						{
							"name": "If Condition Level 1_6-3",
							"type": "IfCondition",
							"dependsOn": [],
							"userProperties": [],
							"typeProperties": {
								"expression": {
									"value": "@equals(item().level,'1')",
									"type": "Expression"
								},
								"ifTrueActivities": [
									{
										"name": "exec_pip_load_dmt_facts_generic_6-3",
										"type": "ExecutePipeline",
										"dependsOn": [],
										"userProperties": [],
										"typeProperties": {
											"pipeline": {
												"referenceName": "pip_load_dmt_facts_generic",
												"type": "PipelineReference"
											},
											"waitOnCompletion": true,
											"parameters": {
												"parent_pipeline_runid": {
													"value": "@pipeline().parameters.parent_process_runid",
													"type": "Expression"
												},
												"start_date": {
													"value": "@formatDateTime(subtractFromTime(pipeline().parameters.start_date,6,'Month'),'yyyy-MM-dd')",
													"type": "Expression"
												},
												"domain": {
													"value": "@item().domain",
													"type": "Expression"
												},
												"limit_date": {
													"value": "@formatDateTime(subtractFromTime(pipeline().parameters.start_date,9,'Month'),'yyyy-MM-dd')",
													"type": "Expression"
												},
												"flux": {
													"value": "@pipeline().parameters.flux",
													"type": "Expression"
												},
												"historical_data_end_date": {
													"value": "@pipeline().parameters.historical_data_end_date",
													"type": "Expression"
												},
												"init_table": {
													"value": "@pipeline().parameters.init_table",
													"type": "Expression"
												},
												"limit_date_histo": {
													"value": "@pipeline().parameters.limit_date_histo",
													"type": "Expression"
												},
												"system_source": {
													"value": "@pipeline().parameters.system_source",
													"type": "Expression"
												}
											}
										}
									}
								]
							}
						}
					]
				}
			},
			{
				"name": "ForEachFacts_3-1",
				"type": "ForEach",
				"dependsOn": [
					{
						"activity": "ForEachFacts_6-3",
						"dependencyConditions": [
							"Succeeded"
						]
					}
				],
				"userProperties": [],
				"typeProperties": {
					"items": {
						"value": "@json(string(pipeline().parameters.pipeline_list))",
						"type": "Expression"
					},
					"batchCount": 1,
					"activities": [
						{
							"name": "If Condition Level 1_3-1",
							"type": "IfCondition",
							"dependsOn": [],
							"userProperties": [],
							"typeProperties": {
								"expression": {
									"value": "@equals(item().level,'1')",
									"type": "Expression"
								},
								"ifTrueActivities": [
									{
										"name": "exec_pip_load_dmt_facts_generic_3-1",
										"type": "ExecutePipeline",
										"dependsOn": [],
										"userProperties": [],
										"typeProperties": {
											"pipeline": {
												"referenceName": "pip_load_dmt_facts_generic",
												"type": "PipelineReference"
											},
											"waitOnCompletion": true,
											"parameters": {
												"parent_pipeline_runid": {
													"value": "@pipeline().parameters.parent_process_runid",
													"type": "Expression"
												},
												"start_date": {
													"value": "@formatDateTime(subtractFromTime(pipeline().parameters.start_date,9,'Month'),'yyyy-MM-dd')",
													"type": "Expression"
												},
												"domain": {
													"value": "@item().domain",
													"type": "Expression"
												},
												"limit_date": {
													"value": "@formatDateTime(subtractFromTime(pipeline().parameters.start_date,12,'Month'),'yyyy-MM-dd')",
													"type": "Expression"
												},
												"flux": {
													"value": "@pipeline().parameters.flux",
													"type": "Expression"
												},
												"historical_data_end_date": {
													"value": "@pipeline().parameters.historical_data_end_date",
													"type": "Expression"
												},
												"init_table": {
													"value": "@pipeline().parameters.init_table",
													"type": "Expression"
												},
												"limit_date_histo": {
													"value": "@pipeline().parameters.limit_date_histo",
													"type": "Expression"
												},
												"system_source": {
													"value": "@pipeline().parameters.system_source",
													"type": "Expression"
												}
											}
										}
									}
								]
							}
						}
					]
				}
			},
			{
				"name": "ForEachFacts_Daily_Staff",
				"type": "ForEach",
				"dependsOn": [
					{
						"activity": "exec_pip_load_start_cluster",
						"dependencyConditions": [
							"Succeeded"
						]
					}
				],
				"userProperties": [],
				"typeProperties": {
					"items": {
						"value": "@json(string(pipeline().parameters.pipeline_daily))",
						"type": "Expression"
					},
					"batchCount": 1,
					"activities": [
						{
							"name": "If Condition Level 1_copy1",
							"type": "IfCondition",
							"dependsOn": [],
							"userProperties": [],
							"typeProperties": {
								"expression": {
									"value": "@equals(item().level,'1')",
									"type": "Expression"
								},
								"ifTrueActivities": [
									{
										"name": "exec_pip_load_dmt_facts_generic_Daily_Stafff",
										"type": "ExecutePipeline",
										"dependsOn": [],
										"userProperties": [],
										"typeProperties": {
											"pipeline": {
												"referenceName": "pip_load_dmt_facts_generic",
												"type": "PipelineReference"
											},
											"waitOnCompletion": true,
											"parameters": {
												"parent_pipeline_runid": {
													"value": "@pipeline().parameters.parent_process_runid",
													"type": "Expression"
												},
												"start_date": {
													"value": "@pipeline().parameters.start_date",
													"type": "Expression"
												},
												"domain": {
													"value": "@item().domain",
													"type": "Expression"
												},
												"period": "day",
												"limit_date": {
													"value": "@pipeline().parameters.limit_date",
													"type": "Expression"
												},
												"flux": {
													"value": "@pipeline().parameters.flux",
													"type": "Expression"
												},
												"historical_data_end_date": {
													"value": "@pipeline().parameters.historical_data_end_date",
													"type": "Expression"
												},
												"init_table": {
													"value": "@pipeline().parameters.init_table",
													"type": "Expression"
												},
												"limit_date_histo": {
													"value": "@pipeline().parameters.limit_date_histo",
													"type": "Expression"
												},
												"system_source": {
													"value": "@pipeline().parameters.system_source",
													"type": "Expression"
												}
											}
										}
									}
								]
							}
						}
					]
				}
			}
		],
		"parameters": {
			"parent_process_runid": {
				"type": "string"
			},
			"start_date": {
				"type": "string"
			},
			"limit_date": {
				"type": "string",
				"defaultValue": "2021-01-01"
			},
			"flux": {
				"type": "string",
				"defaultValue": "quotidien"
			},
			"pipeline_list": {
				"type": "string",
				"defaultValue": [
					{
						"process_runid": "1",
						"level": "1",
						"domain": "mobility"
					},
					{
						"process_runid": "1",
						"level": "1",
						"domain": "absence"
					},
					{
						"process_runid": "1",
						"level": "1",
						"domain": "benefits"
					},
					{
						"process_runid": "1",
						"level": "1",
						"domain": "compensation"
					},
					{
						"process_runid": "1",
						"level": "1",
						"domain": "career"
					},
					{
						"process_runid": "1",
						"level": "1",
						"domain": "training"
					},
					{
						"process_runid": "1",
						"level": "1",
						"domain": "employee_history"
					},
					{
						"process_runid": "1",
						"level": "1",
						"domain": "pay"
					}
				]
			},
			"init_table": {
				"type": "string",
				"defaultValue": "no"
			},
			"system_source": {
				"type": "string",
				"defaultValue": "hra"
			},
			"limit_date_histo": {
				"type": "string",
				"defaultValue": "2021-01-01"
			},
			"historical_data_end_date": {
				"type": "string",
				"defaultValue": "2021-06-30"
			},
			"pipeline_daily": {
				"type": "string",
				"defaultValue": [
					{
						"process_runid": "1",
						"level": "1",
						"domain": "staff"
					}
				]
			}
		},
		"folder": {
			"name": "04-facts"
		},
		"annotations": [],
		"lastPublishTime": "2021-09-15T07:16:29Z"
	},
	"type": "Microsoft.DataFactory/factories/pipelines"
}