{
	"name": "pipeline1",
	"properties": {
		"activities": [
			{
				"name": "UNTIL - Process End",
				"type": "Until",
				"dependsOn": [
					{
						"activity": "FILTER - Keep processing refresh",
						"dependencyConditions": [
							"Succeeded"
						]
					}
				],
				"userProperties": [],
				"typeProperties": {
					"expression": {
						"value": "@not(equals(activity('WEB - Get SSAS Process Status').output.status,'inProgress'))",
						"type": "Expression"
					},
					"activities": [
						{
							"name": "WEB - Get SSAS Process Status",
							"type": "WebActivity",
							"dependsOn": [
								{
									"activity": "WAIT - End of SSAS process",
									"dependencyConditions": [
										"Succeeded"
									]
								}
							],
							"policy": {
								"timeout": "7.00:00:00",
								"retry": 0,
								"retryIntervalInSeconds": 30,
								"secureOutput": false
							},
							"userProperties": [],
							"typeProperties": {
								"url": {
									"value": "@concat(variables('SSASProcessURL')\n,'/'\n,activity('FILTER - Keep processing refresh').output.Value[0].refreshId\n)",
									"type": "Expression"
								},
								"method": "GET",
								"authentication": {
									"type": "MSI",
									"resource": "https://*.asazure.windows.net"
								}
							}
						},
						{
							"name": "WAIT - End of SSAS process",
							"type": "Wait",
							"dependsOn": [],
							"userProperties": [],
							"typeProperties": {
								"waitTimeInSeconds": 60
							}
						}
					],
					"timeout": "0.02:30:00"
				}
			},
			{
				"name": "VAR - Set SSASProcessURL",
				"type": "SetVariable",
				"dependsOn": [],
				"userProperties": [],
				"typeProperties": {
					"variableName": "SSASProcessURL",
					"value": {
						"value": "@concat('https://westeurope.asazure.windows.net/servers/', pipeline().globalParameters.as_db_server,'/models/DataInsights/refreshes')",
						"type": "Expression"
					}
				}
			},
			{
				"name": "WEB - Start SSAS Process",
				"type": "WebActivity",
				"dependsOn": [
					{
						"activity": "VAR - Set SSASProcessURL",
						"dependencyConditions": [
							"Succeeded"
						]
					}
				],
				"policy": {
					"timeout": "02:00:00",
					"retry": 3,
					"retryIntervalInSeconds": 60,
					"secureOutput": false
				},
				"userProperties": [],
				"typeProperties": {
					"url": {
						"value": "@variables('SSASProcessURL')",
						"type": "Expression"
					},
					"method": "POST",
					"body": {
						"value": "@pipeline().parameters.TMSLProcess",
						"type": "Expression"
					},
					"authentication": {
						"type": "MSI",
						"resource": "https://*.asazure.windows.net"
					}
				}
			},
			{
				"name": "FILTER - Keep processing refresh",
				"type": "Filter",
				"dependsOn": [
					{
						"activity": "WEB - Get Process Id",
						"dependencyConditions": [
							"Succeeded"
						]
					}
				],
				"userProperties": [],
				"typeProperties": {
					"items": {
						"value": "@json(activity('WEB - Get Process Id').output.Response)",
						"type": "Expression"
					},
					"condition": {
						"value": "@greaterOrEquals(item().startTime,addseconds(activity('WEB - Start SSAS Process').output.startTime,-30))",
						"type": "Expression"
					}
				}
			},
			{
				"name": "WEB - Get Process Id",
				"type": "WebActivity",
				"dependsOn": [
					{
						"activity": "WEB - Start SSAS Process",
						"dependencyConditions": [
							"Succeeded"
						]
					}
				],
				"policy": {
					"timeout": "02:00:00",
					"retry": 0,
					"retryIntervalInSeconds": 30,
					"secureOutput": false
				},
				"userProperties": [],
				"typeProperties": {
					"url": {
						"value": "@variables('SSASProcessURL')",
						"type": "Expression"
					},
					"method": "GET",
					"authentication": {
						"type": "MSI",
						"resource": "https://*.asazure.windows.net"
					}
				}
			},
			{
				"name": "IF - Process Failed",
				"type": "IfCondition",
				"dependsOn": [
					{
						"activity": "UNTIL - Process End",
						"dependencyConditions": [
							"Succeeded"
						]
					}
				],
				"userProperties": [],
				"typeProperties": {
					"expression": {
						"value": "@equals(activity('WEB - Get SSAS Process Status').output.status,'failed')",
						"type": "Expression"
					},
					"ifTrueActivities": [
						{
							"name": "WEB - Throw Error Message on Body",
							"type": "WebActivity",
							"dependsOn": [],
							"policy": {
								"timeout": "0.00:02:00",
								"retry": 0,
								"retryIntervalInSeconds": 30,
								"secureOutput": false
							},
							"userProperties": [],
							"typeProperties": {
								"url": {
									"value": "http://error",
									"type": "Expression"
								},
								"method": "POST",
								"body": {
									"value": "@string(activity('WEB - Get SSAS Process Status').output)",
									"type": "Expression"
								}
							}
						}
					]
				}
			},
			{
				"name": "UNTIL - QueryPool is All",
				"type": "Until",
				"dependsOn": [
					{
						"activity": "IF - QueryPool is Separated - Regroup",
						"dependencyConditions": [
							"Succeeded"
						]
					}
				],
				"userProperties": [],
				"typeProperties": {
					"expression": {
						"value": "@equals(activity('WEB - Get details of a server - Until All').output.properties.querypoolConnectionMode,'All')\n\n",
						"type": "Expression"
					},
					"activities": [
						{
							"name": "WEB - Get details of a server - Until All",
							"type": "WebActivity",
							"dependsOn": [
								{
									"activity": "Wait - QueryPool - All",
									"dependencyConditions": [
										"Succeeded"
									]
								}
							],
							"policy": {
								"timeout": "0.00:30:00",
								"retry": 3,
								"retryIntervalInSeconds": 60,
								"secureOutput": false
							},
							"userProperties": [],
							"typeProperties": {
								"url": {
									"value": "@concat(variables('SSASRestAPIURL')\n,pipeline().parameters.ApiVersion\n)",
									"type": "Expression"
								},
								"method": "GET",
								"authentication": {
									"type": "MSI",
									"resource": "https://management.core.windows.net"
								}
							}
						},
						{
							"name": "Wait - QueryPool - All",
							"type": "Wait",
							"dependsOn": [],
							"userProperties": [],
							"typeProperties": {
								"waitTimeInSeconds": 10
							}
						}
					],
					"timeout": "0.01:0:00"
				}
			},
			{
				"name": "IF - QueryPool is Separated - Regroup",
				"type": "IfCondition",
				"dependsOn": [
					{
						"activity": "IF - Process Failed",
						"dependencyConditions": [
							"Succeeded"
						]
					}
				],
				"userProperties": [],
				"typeProperties": {
					"expression": {
						"value": "@equals(variables('QueryPoolSeparated'),'ReadOnly')",
						"type": "Expression"
					},
					"ifTrueActivities": [
						{
							"name": "WEB - Group Query Pool",
							"type": "WebActivity",
							"dependsOn": [],
							"policy": {
								"timeout": "0.00:30:00",
								"retry": 3,
								"retryIntervalInSeconds": 60,
								"secureOutput": false
							},
							"userProperties": [],
							"typeProperties": {
								"url": {
									"value": "@concat(variables('SSASRestAPIURL')\n,pipeline().parameters.ApiVersion\n)",
									"type": "Expression"
								},
								"method": "PATCH",
								"body": {
									"properties": {
										"querypoolConnectionMode": "All"
									}
								},
								"authentication": {
									"type": "MSI",
									"resource": "https://management.core.windows.net"
								}
							}
						}
					]
				}
			},
			{
				"name": "IF - ServerCapacity not 1",
				"type": "IfCondition",
				"dependsOn": [
					{
						"activity": "UNTIL - QueryPool is All",
						"dependencyConditions": [
							"Succeeded"
						]
					}
				],
				"userProperties": [],
				"typeProperties": {
					"expression": {
						"value": "@greater(int(variables('ServerCapacity')),1)",
						"type": "Expression"
					},
					"ifTrueActivities": [
						{
							"name": "WEB - Synchronize Replica",
							"type": "WebActivity",
							"dependsOn": [],
							"policy": {
								"timeout": "0.00:30:00",
								"retry": 3,
								"retryIntervalInSeconds": 60,
								"secureOutput": false
							},
							"userProperties": [],
							"typeProperties": {
								"url": {
									"value": "@replace(variables('SSASProcessURL'),'/refreshes','/sync')",
									"type": "Expression"
								},
								"method": "POST",
								"body": "'{}'",
								"authentication": {
									"type": "MSI",
									"resource": "https://*.asazure.windows.net"
								}
							}
						}
					]
				}
			},
			{
				"name": "UNTIL - Synchronization finish",
				"type": "Until",
				"dependsOn": [
					{
						"activity": "IF - ServerCapacity not 1",
						"dependencyConditions": [
							"Succeeded"
						]
					}
				],
				"userProperties": [],
				"typeProperties": {
					"expression": {
						"value": "@or(equals(variables('ServerCapacity'),'1')\n,or(equals(activity('WEB - Get Synchronization Status').output.syncstate,2),equals(activity('WEB - Get Synchronization Status').output.syncstate,3))\n)",
						"type": "Expression"
					},
					"activities": [
						{
							"name": "WAIT - Synchronization",
							"type": "Wait",
							"dependsOn": [],
							"userProperties": [],
							"typeProperties": {
								"waitTimeInSeconds": 30
							}
						},
						{
							"name": "IF - ServerCapacity not 1 - Sync",
							"type": "IfCondition",
							"dependsOn": [
								{
									"activity": "WAIT - Synchronization",
									"dependencyConditions": [
										"Succeeded"
									]
								}
							],
							"userProperties": [],
							"typeProperties": {
								"expression": {
									"value": "@greater(int(variables('ServerCapacity')),1)",
									"type": "Expression"
								},
								"ifTrueActivities": [
									{
										"name": "WEB - Get Synchronization Status",
										"type": "WebActivity",
										"dependsOn": [],
										"policy": {
											"timeout": "0.00:15:00",
											"retry": 3,
											"retryIntervalInSeconds": 60,
											"secureOutput": false
										},
										"userProperties": [],
										"typeProperties": {
											"url": {
												"value": "@replace(variables('SSASProcessURL'),'/refreshes','/sync')",
												"type": "Expression"
											},
											"method": "GET",
											"body": "sync",
											"authentication": {
												"type": "MSI",
												"resource": "https://*.asazure.windows.net"
											}
										}
									}
								]
							}
						}
					],
					"timeout": "0.01:00:00"
				}
			}
		],
		"parameters": {
			"Region": {
				"type": "string",
				"defaultValue": "westeurope"
			},
			"ApiVersion": {
				"type": "string",
				"defaultValue": "?api-version=2017-08-01"
			},
			"TMSLProcess": {
				"type": "object",
				"defaultValue": {
					"Type": "Full",
					"CommitMode": "transactional",
					"MaxParallelism": 2,
					"RetryCount": 2,
					"Objects": [
						{
							"database": "DataInsights",
							"table": "001 - AXE COM - TEMPS"
						},
						{
							"database": "DataInsights",
							"table": "001 - AXE COM - TEMPS - DATE EFFET"
						},
						{
							"database": "DataInsights",
							"table": "002 - AXE COM - INFO SALARIE"
						},
						{
							"database": "DataInsights",
							"table": "002 - AXE COM - INFO SALARIE - HISTORIQUE"
						},
						{
							"database": "DataInsights",
							"table": "002 - AXE COM - INFO SALARIE - HISTORIQUE SALAIRE"
						},
						{
							"database": "DataInsights",
							"table": "003 - AXE COM - INFO DATES"
						},
						{
							"database": "DataInsights",
							"table": "004 - AXE COM - AGE"
						}
					]
				}
			},
			"DatabaseName": {
				"type": "string",
				"defaultValue": "DataInsights"
			},
			"ServerName": {
				"type": "string",
				"defaultValue": "aasdifwe1dev"
			},
			"SubscriptionId": {
				"type": "string",
				"defaultValue": "744201c5-60d8-41ba-ae72-58c757d8e8c2"
			},
			"ResourceGroup": {
				"type": "string",
				"defaultValue": "rg-dif-we1-dev"
			}
		},
		"variables": {
			"SSASRestAPIURL": {
				"type": "String"
			},
			"ServerCapacity": {
				"type": "String"
			},
			"ServerState": {
				"type": "String"
			},
			"QueryPoolSeparated": {
				"type": "String"
			},
			"SSASProcessURL": {
				"type": "String"
			}
		},
		"folder": {
			"name": "Analysis Services"
		},
		"annotations": [],
		"lastPublishTime": "2021-04-06T15:04:04Z"
	},
	"type": "Microsoft.DataFactory/factories/pipelines"
}