{
	"name": "trigger_storage",
	"properties": {
		"description": "When a new file is updated or added",
		"annotations": [],
		"runtimeState": "Stopped",
		"pipelines": [],
		"type": "BlobEventsTrigger",
		"typeProperties": {
			"blobPathBeginsWith": "/raw/blobs/",
			"blobPathEndsWith": ".csv",
			"ignoreEmptyBlobs": true,
			"scope": "/subscriptions/744201c5-60d8-41ba-ae72-58c757d8e8c2/resourceGroups/rg-dif-we1-dev/providers/Microsoft.Storage/storageAccounts/sastddifwe1dev",
			"events": [
				"Microsoft.Storage.BlobCreated"
			]
		}
	}
}